"id","Title","wiki_friendly_title","Start Date","Dry Dredged (m^3)","Mud Volume (m^3)","Average Depth (cm)","State","End Date","Landfill Cost (Euro)","Wet Dredge Cost (Euro)","Wet Dredged (m^3)","Dry Dredge Cost (Euro)","Segment IDs","Note","Target Depth (cm)"
"00219SC0018","Job Item 00219SC0018","Job Item 00219SC0018",,"0.01","327.74",,"InProgress",,,,"0.0",,"MARG",,"180.0"
"00219SC0017","Job Item 00219SC0017","Job Item 00219SC0017",,"0.01","451.28",,"InProgress",,,,"0.0",,"BRIA",,"180.0"
"00219SC0011","Job Item 00219SC0011","Job Item 00219SC0011",,"0.01","-32.99","205.0","InProgress",,,,"0.0",,"MARG",,"200.0"
"00219SC0012","Job Item 00219SC0012","Job Item 00219SC0012",,"0.01","646.76","141.0","InProgress",,,,"0.0",,"BRIA,CARM,MARG",,"180.0"
"00103SC0102","Job Item 00103SC0102","Job Item 00103SC0102",,"0.01","22.56","160.0","Finished","1998-09-30","0.0","4602.21","78.93","0.0","MARI3,MARI4","somma di quantità in umido 53 e asciutto 25 la data è quella più recente","180.0"
"00103SC0101","Job Item 00103SC0101","Job Item 00103SC0101",,"0.01","38.77","88.0","Finished","1998-09-30","0.0","2045.43","35.1","0.0","MARI1,MARI2","sono state sommate le due quantità di asciutto 11 e umido 24 e la data è quella più recente","180.0"
"00124SC0001","Job Item 00124SC0001","Job Item 00124SC0001","2000-03-30","388.99","1297.57","124.0","Finished","2004-02-09","0.0","0.0","0.0","44799.9","TOLE",,"180.0"
"00219SC0010","Job Item 00219SC0010","Job Item 00219SC0010",,"0.01","228.2","165.0","InProgress",,,,"0.0",,"BRIA,CARM,SEBA",,"180.0"
"00219SC0015","Job Item 00219SC0015","Job Item 00219SC0015",,"0.01","215.71",,"InProgress",,,,"0.0",,"CARM,RAFF1,SEBA",,"180.0"
"00219SC0016","Job Item 00219SC0016","Job Item 00219SC0016",,"0.01","385.33",,"InProgress",,,,"0.0",,"BRIA,CARM,MARG",,"180.0"
"00219SC0013","Job Item 00219SC0013","Job Item 00219SC0013",,"0.01","481.95",,"InProgress",,,,"0.0",,"NICO1,RAFF2",,"180.0"
"00103SC0108","Job Item 00103SC0108","Job Item 00103SC0108",,"0.01","35.82","118.0","Finished","1998-09-30","0.0","3068.14","52.62","0.0","MARI2,MARI3,PIOM1","somma di quantità in umido 36 e asciutto 17 la data è quella più recente","180.0"
"00211SC0002","Job Item 00211SC0002","Job Item 00211SC0002","2004-03-31","78.86","0.0",,"Finished","2006-11-13","875.35","0.0","0.0","6633.81","GIUD01",,
"00333SC0003","Job Item 00333SC0003","Job Item 00333SC0003",,"0.0","5.85","183.0","Finished","2000-10-23","9279.44","2969.47","71.87","0.0","PLON1,PLON2","scavo effettuato nell'ambito del risanamento sponda (longitudinale)","200.0"
"00103SC0107","Job Item 00103SC0107","Job Item 00103SC0107",,"0.01","17.09","118.0","Finished","1999-03-30","0.0","2140.99","32.9","0.0","MOND1,PIOM1,PIOM2","Compilata dal tabellone di Frezza","180.0"
"00333SC0002","Job Item 00333SC0002","Job Item 00333SC0002",,"287.51","21.25","186.0","Finished","2000-10-23","92803.43","16333.52","431.26","13363.63","PLON2","scavo effettuato nell'ambito del risanamento sponda (longitudinale)","200.0"
"00333SC0001","Job Item 00333SC0001","Job Item 00333SC0001",,"150.92","72.16","183.0","Finished","2000-10-23","33221.09","8573.8","562.38","17426.7","PLON1","scavo effettuato nell'ambito del risanamento sponda (longitudinale);","200.0"
"00103SC0109","Job Item 00103SC0109","Job Item 00103SC0109",,"0.01","23.25","140.0","Finished","1997-12-31","0.0","5313.09","84.1","0.0","GRIS2,LIO,MARI1,MIRA","Compilato dal tabellone di Frezza - era segnata come 565","180.0"
"00103SC0104","Job Item 00103SC0104","Job Item 00103SC0104",,"0.01","135.04","69.0","Finished","1998-09-30","0.0","2386.17","1846.0","0.0","LATE1,PEST1,TETT1","Compilata dal tabellone di Frezza","180.0"
"00103SC0103","Job Item 00103SC0103","Job Item 00103SC0103",,"0.01","186.64","90.0","Finished","2000-02-02","0.0","7670.35","131.55","0.0","MARI4,PEST1,PEST2","Compilata dal tabellone di Frezza","180.0"
"00103SC0105","Job Item 00103SC0105","Job Item 00103SC0105",,"0.01","46.35","94.0","Finished","1997-09-30","0.0","2386.17","39.64","0.0","SEVE1,TETT1,TETT2","Compilato dalla tabella di Frezza - Computo di 19mc all'asciutto e 21mc in umido","180.0"
"00211SC0001","Job Item 00211SC0001","Job Item 00211SC0001","2004-03-31","185.91","0.0",,"Finished","2006-11-13","3167.5","4067.5","99.45","16237.35","GIUD01",,
"00103SC0112","Job Item 00103SC0112","Job Item 00103SC0112",,"0.01","82.22","68.0","Finished","1999-03-30","0.0","6390.11","112.5","0.0","FORM,SEVE1,SEVE2","variazione 1998 23,7 - Computati 89 mc in umido e 23 in asciutto","180.0"
"00361SC0001","Job Item 00361SC0001","Job Item 00361SC0001","2001-10-04","58.17","108.7","154.0","Finished","2004-02-09","0.0","29769.0","780.0","9520.0","CTEO01",,"180.0"
"00103SC0119","Job Item 00103SC0119","Job Item 00103SC0119",,"34.4","45.95","118.0","Finished",,"0.0","0.0","0.0","0.0","MOND1,MOND2,PEST2","manca scheda;solo dati scavo: 23,495 U + 10,9 A","180.0"
"00103SC0118","Job Item 00103SC0118","Job Item 00103SC0118",,"0.01","24.33","124.0","Finished","2001-05-15","0.0","0.0","150.0","0.0","FORM,MOND2,MOND3,ZANI","Solo dati per il bilancio","180.0"
"00103SC0115","Job Item 00103SC0115","Job Item 00103SC0115",,"0.01","24.33","124.0","Finished","1998-06-30","0.0","1975.36","33.9","0.0","FORM,MOND2,MOND3,ZANI","Aggiornata con la tabella di Frezza - Computo di 11mc all'asciutto e 23 in umido","180.0"
"00320SC0019","Job Item 00320SC0019","Job Item 00320SC0019",,"0.0","282.71","71.0","Finished","2001-03-31","0.0","21015.44","280.56","0.0","CASS2,MADO1","variazione post bilancio 2001 costo compresa discarica","180.0"
"00320SC0018","Job Item 00320SC0018","Job Item 00320SC0018",,"0.0","411.33","47.0","Finished","2001-06-15","0.0","28697.02","539.0","0.0","CASS1,CASS2,MADO1,MADO2","variazioni post bilancio 2001","180.0"
"00320SC0017","Job Item 00320SC0017","Job Item 00320SC0017",,"0.0","1555.15","57.0","Finished","2001-06-15","0.0","88991.12","1671.47","0.0","CASS1,CASS2","variazione post bilancio","180.0"
"00320SC0016","Job Item 00320SC0016","Job Item 00320SC0016",,"0.0","1718.34","99.0","Finished","2001-03-05","0.0","209656.81","1742.46","0.0","TORE","variazioni post bilancio 2001costo comprensivo di discarica","180.0"
"00320SC0015","Job Item 00320SC0015","Job Item 00320SC0015",,"0.0","115.98","128.0","Finished","2000-06-30","777.27","2928.31","181.6","0.0","ORTO3",,"180.0"
"00320SC0014","Job Item 00320SC0014","Job Item 00320SC0014",,"0.0","1482.36","84.0","Finished","2000-12-31","0.17","85593.33","1477.55","0.0","CAZZ,MAGG1,MAGG2","Variazioni post bilancio 2001","180.0"
"00320SC0013","Job Item 00320SC0013","Job Item 00320SC0013",,"0.0","1266.08","92.0","Finished","2000-06-30","0.0","31941.02","503.0","0.0","CAZZ,MAGG1","variazione post bilancio 2001 costo compresa discarica","180.0"
"00320SC0012","Job Item 00320SC0012","Job Item 00320SC0012",,"0.0","0.0",,"Finished","2000-06-30","0.0","38989.63","614.0","0.0","CAZZ,MAGG2","variazione post bilancio 2001 costo compresa discarica",
"00320SC0011","Job Item 00320SC0011","Job Item 00320SC0011",,"0.0","0.0",,"Finished","2000-06-30","0.0","45911.25","723.0","0.0","MAGG3","variazione post bilancio 2001 costo compresa discarica",
"00001SC0020","Job Item 00001SC0020","Job Item 00001SC0020",,"0.0","152.1","125.0","Finished","1993-01-01","0.0","0.0","389.0","0.0",,,"180.0"
"00320SC0010","Job Item 00320SC0010","Job Item 00320SC0010",,"0.0","1410.6","67.0","Finished","2000-12-31","0.0","69854.85","1299.23","0.0","BOLD3,PERG",,"180.0"
"00320SC0020","Job Item 00320SC0020","Job Item 00320SC0020",,"0.0","414.18","85.0","Finished","2001-03-31","0.0","34646.71","462.54","0.0","CASS2,MADO2","Manca Scheda","180.0"
"00359SC0002","Job Item 00359SC0002","Job Item 00359SC0002",,"50.0","44154.86",,"Finished","2001-04-27","0.0","23498.79","700.0","2840.51",,"scavo preliminare - scavo entro cassero secco scavo finale in umido","220.0"
"00320SC0008","Job Item 00320SC0008","Job Item 00320SC0008",,"0.0","1596.39","80.0","Finished","2000-05-17","12769.4","59913.66","1162.85","0.0","SANT","variazione post bilancio 2001","180.0"
"00320SC0007","Job Item 00320SC0007","Job Item 00320SC0007",,"0.0","394.41","68.0","Finished","2000-05-02","3886.34","14641.55","350.0","0.0","RACH2","variazione post bilancio","180.0"
"00320SC0009","Job Item 00320SC0009","Job Item 00320SC0009",,"0.0","401.42","83.0","Finished","2000-03-29","3941.86","14007.68","358.76","0.0","ORSO","variazioni post bilancio 2001","180.0"
"00320SC0004","Job Item 00320SC0004","Job Item 00320SC0004",,"0.0","337.45","58.0","Finished","2000-04-13","3664.26","13804.89","330.0","0.0","TRAP",,"180.0"
"00320SC0003","Job Item 00320SC0003","Job Item 00320SC0003",,"0.0","165.27","90.0","Finished","2000-04-13","1832.13","6902.45","165.0","0.0","TRAP","variazione post bilancio 2001","180.0"
"00320SC0006","Job Item 00320SC0006","Job Item 00320SC0006",,"0.0","311.59","73.0","Finished","2000-05-02","2775.96","10458.25","250.0","0.0","RACH1","variazione post bilancio","180.0"
"00320SC0005","Job Item 00320SC0005","Job Item 00320SC0005",,"0.0","1472.9","65.0","Finished","2000-04-10","14990.16","49224.43","1366.36","0.0","TRAP","variazione post bilancio 2001","180.0"
"00219SC0007","Job Item 00219SC0007","Job Item 00219SC0007",,"0.01","1473.26",,"InProgress",,,,"0.0",,"RAFF2",,"180.0"
"00219SC0006","Job Item 00219SC0006","Job Item 00219SC0006",,"0.01","-2113.3","260.0","InProgress",,,,"0.0",,"MARG",,"200.0"
"00320SC0002","Job Item 00320SC0002","Job Item 00320SC0002",,"0.0","1267.82","122.0","Finished","2000-12-31","8994.1","33884.74","1831.0","0.0","ORTO2",,"180.0"
"00219SC0009","Job Item 00219SC0009","Job Item 00219SC0009",,"0.01","1465.17","133.0","InProgress",,,,"0.0",,"BRIA,MARG",,"180.0"
"00320SC0001","Job Item 00320SC0001","Job Item 00320SC0001",,"0.0","2270.27","113.0","Finished","2000-12-31","0.0","133513.62","2653.7","0.0","BIAG2,CONV","vecchia commessa 346","180.0"
"00219SC0002","Job Item 00219SC0002","Job Item 00219SC0002",,"0.01","251.96","134.0","InProgress",,,,"0.0",,"BRIA",,"180.0"
"00106SC0003","Job Item 00106SC0003","Job Item 00106SC0003",,"90.0","300.99","156.0","Finished","2003-05-30","0.0","21727.16","490.32","0.0","MALP2,ROMI","Sulla scheda solo scavi a umido; valori a secco precedenti x bil.","180.0"
"00219SC0003","Job Item 00219SC0003","Job Item 00219SC0003",,"0.01","580.63","159.0","InProgress",,,,"0.0",,"CARM,RAFF1,SEBA",,"180.0"
"00106SC0002","Job Item 00106SC0002","Job Item 00106SC0002",,"0.01","350.03","143.0","Finished","2003-05-30","0.0","52084.17","1052.7","0.0","MALP1,MALP2,TOLA1,TOLA2",,"180.0"
"00219SC0004","Job Item 00219SC0004","Job Item 00219SC0004",,"0.01","936.96","109.0","InProgress",,,,"0.0",,"NICO1,RAFF1,RAFF2",,"180.0"
"00106SC0001","Job Item 00106SC0001","Job Item 00106SC0001",,"380.02","810.01","153.0","Finished","2003-05-30","0.0","108935.64","1449.03","0.0","MALP1,MALP2,MALP3,MALP4,ROMI,TOLA1","Sulla scheda solo scavi a umido; valori a secco precedenti x bil.","180.0"
"00219SC0005","Job Item 00219SC0005","Job Item 00219SC0005",,"0.01","1259.45","112.0","InProgress",,,,"0.0",,"RAFF1,RAFF2,SEBA",,"180.0"
"00001SC0108","Job Item 00001SC0108","Job Item 00001SC0108",,"0.0","213.39","117.0","Finished","1991-01-01","0.0","0.0","134.0","0.0",,,"180.0"
"00001SC0109","Job Item 00001SC0109","Job Item 00001SC0109",,"0.0","687.14","138.0","Finished","1991-01-01","0.0","0.0","634.0","0.0",,,"180.0"
"00219SC0001","Job Item 00219SC0001","Job Item 00219SC0001",,"0.01","1834.27","121.0","InProgress",,,,"0.0",,"BRIA",,"180.0"
"00001SC0102","Job Item 00001SC0102","Job Item 00001SC0102",,"334.0","587.99","92.0","Finished","1986-01-01","0.0","0.0","748.0","0.0",,,"180.0"
"00001SC0103","Job Item 00001SC0103","Job Item 00001SC0103",,"604.0","604.29","127.0","Finished","1985-01-01","0.0","0.0","1307.0","0.0",,,"180.0"
"00001SC0100","Job Item 00001SC0100","Job Item 00001SC0100",,"185.0","214.52","146.0","Finished","1984-01-01","0.0","0.0","557.0","0.0",,,"180.0"
"00001SC0101","Job Item 00001SC0101","Job Item 00001SC0101",,"90.0","124.02","111.0","Finished","1986-01-01","0.0","0.0","202.0","0.0",,,"180.0"
"00320SC0032","Job Item 00320SC0032","Job Item 00320SC0032",,"0.0","5.62","166.0","Finished","2000-05-02","0.0","3441.18","81.0","0.0","RACH1,RACH2","costo comprensivo di costo discarica variazione post bilancio 2001","180.0"
"00318SC0001","Job Item 00318SC0001","Job Item 00318SC0001",,"193.0","85.29","143.0","Finished","2001-09-22","0.0","22283.05","612.0","14864.15","CDON02","scavo a secco entro cassero","180.0"
"00102SC0022","Job Item 00102SC0022","Job Item 00102SC0022",,"0.01","32.47","134.0","Finished","1998-09-30","0.0","1888.01","28.57","0.0","MARN,ORIO3,ZUAN","Vedi scheda del segmento ORIO3","180.0"
"00320SC0033","Job Item 00320SC0033","Job Item 00320SC0033",,"0.0","43.93","65.0","Finished",,"0.0","1277.75","2.03","0.0","TRAP","variazioni post bilancio 2001","180.0"
"00102SC0021","Job Item 00102SC0021","Job Item 00102SC0021",,"0.01","56.98","48.0","Finished","1998-06-30","0.0","2674.29","40.47","0.0","2TOR2,BERN,POLO1",,"180.0"
"00102SC0024","Job Item 00102SC0024","Job Item 00102SC0024",,"0.01","68.75","92.0","Finished","1997-07-15","0.0","10649.07","161.14","0.0","FRES,MUNE,PANT",,"180.0"
"00102SC0023","Job Item 00102SC0023","Job Item 00102SC0023",,"0.01","43.1","132.0","Finished","1999-10-31","0.0","900.68","13.63","0.0","AMAL,POLO2,POLO3",,"180.0"
"00003SC0089","Job Item 00003SC0089","Job Item 00003SC0089",,"0.0","715.05","157.0","Finished","1998-01-01","0.0","0.0","1340.0","0.0","TENT2",,"180.0"
"00003SC0095","Job Item 00003SC0095","Job Item 00003SC0095",,"0.0","1120.4","89.0","Finished","1998-01-01","0.0","0.0","870.0","0.0","MADA1,MADA2",,"180.0"
"00003SC0094","Job Item 00003SC0094","Job Item 00003SC0094",,"0.0","226.33","135.0","Finished","1998-01-01","0.0","0.0","280.0","0.0","BOTE",,"180.0"
"00320SC0021","Job Item 00320SC0021","Job Item 00320SC0021",,"0.0","524.95","107.0","Finished","2001-03-31","0.0","58096.58","775.6","0.0","MADO3",,"180.0"
"00305SC0002","Job Item 00305SC0002","Job Item 00305SC0002",,"95.0","220.05","271.0","Finished","2002-09-03","1355.55","0.0","10.0","2452.9",,"Scavo ad umido entro cassero a carico dell'impresa","500.0"
"00320SC0022","Job Item 00320SC0022","Job Item 00320SC0022",,"0.0","2214.16","149.0","Finished","2000-06-30","21874.53","82411.03","1970.0","0.0","ALVI",,"180.0"
"00305SC0003","Job Item 00305SC0003","Job Item 00305SC0003",,"74.0","319.64","271.0","Finished","2002-09-03","1084.44","0.0","10.0","1910.68",,"Scavo ad umido entro cassero a carico dell'impresa","500.0"
"00320SC0023","Job Item 00320SC0023","Job Item 00320SC0023",,"0.0","990.5","125.0","Finished","2000-12-31","7328.52","27609.79","1498.0","0.0","ORTO1",,"180.0"
"00305SC0001","Job Item 00305SC0001","Job Item 00305SC0001",,"102.0","394.45","271.0","Finished","2002-06-24","1445.92","0.0","10.0","2633.64",,"Scavo ad umido entro cassero a carico dell'impresa","500.0"
"00136SC0016","Job Item 00136SC0016","Job Item 00136SC0016","2002-12-01","100.0","58.61","109.0","Finished","2006-06-13","0.0","0.0","0.0","0.0","GREC,LORE2,PROV1","manca scheda; valori x bilancio ripartiti in parti uguali (tot. 1200,58).
I dati relativi alla presente scheda sono contenuti nella scheda 00136sc0005 per una quantità valutabile del 5%.","180.0"
"00320SC0026","Job Item 00320SC0026","Job Item 00320SC0026",,"0.0","24.47","157.0","Finished","2000-12-31","0.0","0.0","89.0","0.0","ORTO2,ORTO3",,"180.0"
"00136SC0015","Job Item 00136SC0015","Job Item 00136SC0015","2002-02-15","0.0","39.72","157.0","Finished","2006-06-13","35.23","317.14","6.82","0.0","LORE1,LORE2","manca scheda; valori x bilancio ripartiti in parti uguali (tot. 1200,58)","200.0"
"00320SC0027","Job Item 00320SC0027","Job Item 00320SC0027",,"0.0","50.96","122.0","Finished","2000-12-31","0.0","0.0","70.0","0.0","ORTO1,ORTO2",,"180.0"
"00136SC0018","Job Item 00136SC0018","Job Item 00136SC0018",,"100.0","83.37","147.0","Finished","2006-06-13","0.0","0.0","0.0","0.0","LATE2,LORE1","manca scheda; valori x bilancio ripartiti in parti uguali (tot. 1200,58).
I dati relativi alla presente scheda sono contenuti nella scheda 00136sc0012 per una quantità valutabile del 15%.","200.0"
"00320SC0028","Job Item 00320SC0028","Job Item 00320SC0028",,"0.0","36.53","107.0","Finished","2001-03-30","0.0","3850.88","51.41","0.0","MADO2,MADO3",,"180.0"
"00136SC0017","Job Item 00136SC0017","Job Item 00136SC0017",,"0.0","49.64","109.0","Finished","2006-06-13","488.48","4396.33","94.58","0.0","PROV1,PROV2","manca scheda; valori x bilancio ripartiti in parti uguali (tot. 1200,58)","180.0"
"00320SC0029","Job Item 00320SC0029","Job Item 00320SC0029",,"0.0","36.42","71.0","Finished","2001-03-30","0.0","3949.76","52.73","0.0","CASS2,MADO1,MADO2","variazione post bilancio 2001costo compresa discarica","180.0"
"00136SC0012","Job Item 00136SC0012","Job Item 00136SC0012","2003-09-01","123.0","481.81","147.0","Finished","2006-06-13","1289.46","16757.28","360.47","10164.034","LATE2,LORE1","manca scheda; valori x bilancio ripartiti in parti uguali (tot. 1200,58)","200.0"
"00136SC0011","Job Item 00136SC0011","Job Item 00136SC0011",,"100.68","1506.82","138.0","Finished","2006-06-13","0.0","0.0","0.0","0.0","LORE2,PROV1","manca scheda; valori x bilancio ripartiti in parti uguali (tot. 1200,58).
Vedi scheda 00136sc0004","200.0"
"00212SC0001","Job Item 00212SC0001","Job Item 00212SC0001",,"0.01","0.0",,"Finished",,"0.0","0.0","0.0","0.0",,,
"00136SC0010","Job Item 00136SC0010","Job Item 00136SC0010",,"100.0","1505.08","144.0","Finished","2006-06-13","0.0","0.0","0.0","0.0","GREC,PROV1","manca scheda; valori x bilancio ripartiti in parti uguali (tot. 1200,58).
Vedi scheda 00136sc0005","200.0"
"00358SC0002","Job Item 00358SC0002","Job Item 00358SC0002","2003-12-18","65.61","0.0",,"Finished","2006-03-03","29899.56","2375.0","95.0","11809.8",,,"180.0"
"00358SC0003","Job Item 00358SC0003","Job Item 00358SC0003","2003-11-03","82.35","0.0",,"Finished","2006-03-03","34973.19","2250.0","90.0","14823.0",,,"180.0"
"00358SC0004","Job Item 00358SC0004","Job Item 00358SC0004","2004-10-07","98.0","0.0",,"Finished","2006-03-03","31650.16","1169.5","46.78","17640.0",,,"180.0"
"00358SC0001","Job Item 00358SC0001","Job Item 00358SC0001","2004-06-28","161.62","0.0",,"Finished","2006-03-03","61322.5","3750.0","150.0","29091.6",,,"180.0"
"00350SC0001","Job Item 00350SC0001","Job Item 00350SC0001",,"0.0","0.0",,"Finished","2000-06-30","0.0","46662.4","1003.0","0.0",,"segmento non in DB; costo conferimento discarica = 893.471.000",
"00320SC0031","Job Item 00320SC0031","Job Item 00320SC0031",,"0.0","73.15","92.0","Finished","2000-06-30","0.0","12483.35","196.59","0.0","CAZZ,MAGG1,MAGG2","variazione post bilancio 2001 costo compresa discarica","180.0"
"00320SC0030","Job Item 00320SC0030","Job Item 00320SC0030",,"0.0","37.29","157.0","Finished","2000-12-31","0.0","15975.91","251.59","0.0","MAGG2,MAGG3","variazione post bilancio 2001 costo compresa discarica","180.0"
"00102SC0002","Job Item 00102SC0002","Job Item 00102SC0002",,"190.1","264.94","48.0","Finished","1998-06-30","0.0","0.0","0.0","12563.25","2TOR2,BERN,POLO1",,"180.0"
"00100SC0001","Job Item 00100SC0001","Job Item 00100SC0001",,"2662.0","44154.86",,"Finished","1999-11-17","0.0","0.0","3010.0","0.0",,,"220.0"
"00136SC0007","Job Item 00136SC0007","Job Item 00136SC0007","2003-09-01","0.0","193.67","157.0","Finished","2006-06-13","937.54","8437.81","181.53","0.0","LATE2,LORE1","manca scheda; valori x bilancio ripartiti in parti uguali (tot. 1200,58)","200.0"
"00102SC0001","Job Item 00102SC0001","Job Item 00102SC0001",,"215.62","32.09","169.0","Finished","1998-06-30","0.0","0.0","0.0","14249.62","2TOR2,BERN",,"180.0"
"00136SC0006","Job Item 00136SC0006","Job Item 00136SC0006",,"120.95","841.38","148.0","Finished","2001-12-31","0.0","13389.34","288.06","9994.47","LATE2","Scavo a secco eseguito nel cassero longitudinale da GIUS0004 a GIUS0013;compilaz. effettiva 20/02/2002","200.0"
"00102SC0004","Job Item 00102SC0004","Job Item 00102SC0004",,"212.98","303.31","132.0","Finished","1999-10-31","0.0","0.0","0.0","14075.16","AMAL,POLO1,POLO2,STIN","scheda divisa in 3 segmenti","180.0"
"00136SC0005","Job Item 00136SC0005","Job Item 00136SC0005","2001-11-01","256.86","1505.08","144.0","Finished","2006-06-13","3518.53","29107.86","626.23","21225.06","GREC,PROV1","manca scheda; valori x bilancio ripartiti in parti uguali (tot. 1200,58)","200.0"
"00102SC0003","Job Item 00102SC0003","Job Item 00102SC0003",,"332.7","426.29","74.0","Finished","1997-08-26","0.0","0.0","0.0","21986.56","ERBE,POLO4,POLO5",,"180.0"
"00136SC0004","Job Item 00136SC0004","Job Item 00136SC0004","2002-12-01","165.72","1506.82","138.0","Finished","2006-06-13","4407.6","18315.88","394.05","13693.62","LORE2,PROV1","manca scheda; valori x bilancio ripartiti in parti uguali (tot. 1200,58) Le date sono riferite alla costruzione e disarmo dei casseri provvisionali e indipendenti dallo scavo in umido eseguito preliminarmente.","200.0"
"00136SC0009","Job Item 00136SC0009","Job Item 00136SC0009","2002-01-01","0.0","131.27","89.0","Finished","2006-06-13","889.24","8003.12","172.18","0.0","PROV2","manca scheda; valori x bilancio ripartiti in parti uguali (tot. 1200,58).
Il bacino di intervento è stato limitato dai casseri 4B (spostato rispetto al progetto all'interno Ponte Dei Carmini) 4A  e 4 (come da progetto).","180.0"
"00136SC0008","Job Item 00136SC0008","Job Item 00136SC0008","2002-12-01","26.93","266.24","109.0","Finished","2006-06-13","441.43","3973.0","85.47","2225.39","GREC,LORE2,PROV1","manca scheda; valori x bilancio ripartiti in parti uguali (tot. 1200,58)","180.0"
"00371SC0006","Job Item 00371SC0006","Job Item 00371SC0006","2002-02-01","0.0","13556.07",,"Finished","2003-10-16","18412.24","102141.93","1658.76","0.0","LEPA03,SVEV01","Il costo dello scavo è comprensivo di tutte le lavorazioni pertinenti, ovvvero salpamenti, sottoservizi, ecc.","220.0"
"00003SC0065","Job Item 00003SC0065","Job Item 00003SC0065",,"0.0","1123.23","73.0","Finished","1998-01-01","0.0","0.0","531.6","0.0","GARZ",,"180.0"
"00371SC0005","Job Item 00371SC0005","Job Item 00371SC0005","2002-02-01","0.0","4914.52",,"Finished","2003-10-16","28023.62","218559.49","2524.65","0.0","CANA01,LEPA02,LEPA03","il costo dello scavo è comprensivo di tutte le lavorazioni pertinenti ovvero salpamenti, sottoservizi, ecc.","180.0"
"00102SC0009","Job Item 00102SC0009","Job Item 00102SC0009",,"831.5","1235.05","134.0","Finished","1998-11-24","0.0","4818.8","156.55","54956.7","MARN,ZUAN","per gli scavi in asciutto si è fatta la somma di due schede","180.0"
"00003SC0066","Job Item 00003SC0066","Job Item 00003SC0066",,"0.0","473.52","77.0","Finished","1998-01-01","0.0","0.0","231.4","0.0","ANZO1",,"180.0"
"00371SC0004","Job Item 00371SC0004","Job Item 00371SC0004","2002-02-01","0.0","5085.56",,"Finished","2003-10-16","25594.27","188886.62","2305.79","0.0","CANA01,LEPA02,LEPA03","Il costo dello scavo è comprensivo di tutte le lavorazioni pertinenti, ovvvero salpamenti, sottoservizi, ecc.","180.0"
"00371SC0003","Job Item 00371SC0003","Job Item 00371SC0003","2002-02-01","0.0","3137.92",,"Finished","2003-10-16","20054.37","110876.09","1806.7","0.0","CANA01,LEPA01,LEPA02,LEPA03,SCUO01","Il costo dello scavo è comprensivo di tutte le lavorazioni pertinenti, ovvvero salpamenti, sottoservizi, ecc.","180.0"
"00102SC0006","Job Item 00102SC0006","Job Item 00102SC0006",,"246.0","338.83","113.0","Finished","1997-12-31","0.0","0.0","0.0","16255.53","AGOS,BERN,POLO1,POLO2",,"180.0"
"00371SC0009","Job Item 00371SC0009","Job Item 00371SC0009","2002-02-01","0.0","4591.6",,"Finished","2003-10-16","28976.88","186630.72","2610.53","0.0","LEPA03,SVEV01","Il costo dello scavo è comprensivo di tutte le lavorazioni pertinenti, ovvvero salpamenti, sottoservizi, ecc.","180.0"
"00102SC0005","Job Item 00102SC0005","Job Item 00102SC0005",,"139.37","113.12","101.0","Finished","1999-10-31","0.0","0.0","0.0","9210.25","AMAL,POLO2,POLO3","scheda divisa in 3 segmenti","180.0"
"00371SC0008","Job Item 00371SC0008","Job Item 00371SC0008","2002-02-01","0.0","4356.58",,"Finished","2003-10-16","23724.03","130703.41","2137.3","0.0","LEPA01","Il costo dello scavo è comprensivo di tutte le lavorazioni pertinenti, ovvvero salpamenti, sottoservizi, ecc.","180.0"
"00102SC0008","Job Item 00102SC0008","Job Item 00102SC0008",,"314.05","437.08","132.0","Finished","1998-09-30","0.0","0.0","0.0","20754.12","AGOS,ORIO3,ZUAN",,"180.0"
"00003SC0067","Job Item 00003SC0067","Job Item 00003SC0067",,"0.0","1811.72","64.0","Finished","1998-01-01","0.0","0.0","1562.0","0.0","DUCA","Scavato solo il tratto est (150 ml)","180.0"
"00371SC0007","Job Item 00371SC0007","Job Item 00371SC0007","2002-02-01","0.0","19516.48",,"Finished","2003-10-16","74429.06","363600.23","6705.32","0.0","ROVI01","Il costo dello scavo è comprensivo di tutte le lavorazioni pertinenti, ovvvero salpamenti, sottoservizi, ecc.","180.0"
"00102SC0007","Job Item 00102SC0007","Job Item 00102SC0007",,"811.74","944.4","118.0","Finished","1999-05-24","0.0","0.0","0.0","53644.51","AGOS,ORIO3,POLO1,STIN",,"180.0"
"00003SC0073","Job Item 00003SC0073","Job Item 00003SC0073",,"0.0","588.21","126.0","Finished","1997-01-01","0.0","0.0","638.0","0.0","BECA1,BECA2",,"180.0"
"00003SC0072","Job Item 00003SC0072","Job Item 00003SC0072",,"0.0","44.95","138.0","Finished","1998-01-01","0.0","0.0","24.0","0.0","2TOR1",,"180.0"
"00003SC0071","Job Item 00003SC0071","Job Item 00003SC0071",,"0.0","433.75","153.0","Finished","1998-01-01","0.0","0.0","907.0","0.0","DOMI",,"180.0"
"00102SC0015","Job Item 00102SC0015","Job Item 00102SC0015",,"590.85","866.2","64.0","Finished","1998-06-30","0.0","0.0","0.0","50507.12","FRAR1,FRAR2,STIN",,"180.0"
"00102SC0014","Job Item 00102SC0014","Job Item 00102SC0014",,"388.42","1587.89",,"Finished","2000-06-30","0.0","0.0","0.0","0.0","ERBE,POLO3,POLO4,POLO5","Scheda senza costo","180.0"
"00102SC0013","Job Item 00102SC0013","Job Item 00102SC0013",,"158.13","306.8","149.0","Finished","1999-10-31","0.0","0.0","0.0","10469.98","AMAL,POLO3,POLO4","scheda divisa in 3 segmenti","180.0"
"00102SC0012","Job Item 00102SC0012","Job Item 00102SC0012",,"287.7","643.87","111.0","Finished","1999-03-31","0.0","0.0","0.0","19015.34","AGOS,FRAR1,POLO2,STIN",,"180.0"
"00102SC0011","Job Item 00102SC0011","Job Item 00102SC0011",,"925.0","1213.79","92.0","Finished","1998-03-31","0.0","0.0","0.0","61143.93","FRES,MUNE,PANT","scheda unione delle tre schede aventi 3 diverse date di scavo","180.0"
"00102SC0010","Job Item 00102SC0010","Job Item 00102SC0010",,"916.6","1179.72","83.0","Finished","1997-07-15","0.0","0.0","0.0","60576.65","FRES,PANT",,"180.0"
"00145SC0001","Job Item 00145SC0001","Job Item 00145SC0001","2001-11-15","858.888","1116.37","111.0","Finished","2004-03-20","0.0","0.0","0.0","98917.96","GAFF","fanghi segnati tutti come A; in realtà somma di U+A","180.0"
"00301SC0001","Job Item 00301SC0001","Job Item 00301SC0001",,"354.0","1678.25",,"Finished","2000-09-28","9399.52","6317.3","556.0","0.0","CAND01","Valori retificati con nuova scheda di giugno 2001 (910 m3 secco)","180.0"
"00003SC0074","Job Item 00003SC0074","Job Item 00003SC0074",,"0.0","53.52","108.0","Finished","1997-01-01","0.0","0.0","23.0","0.0","APON1,BECA1,BECA2",,"180.0"
"00120SC0002","Job Item 00120SC0002","Job Item 00120SC0002","2004-03-15","307.33","1569.84","106.0","Finished","2006-09-11","0.0","15654.39","421.27","21749.74","GRAN36,TORE",,"180.0"
"00316SC0005","Job Item 00316SC0005","Job Item 00316SC0005",,"0.0","1704.19",,"Finished","1999-12-01","18072.87","61784.0","1627.0","0.0",,"Scavo in corrispondnza della fondamenta e per la realizzazione della darsena di appoggio per liberare area d'intervento. Solo DARSENA, variato dopo avanzamento 2001","220.0"
"00003SC0075","Job Item 00003SC0075","Job Item 00003SC0075",,"0.0","588.46","94.0","Finished","1997-01-01","0.0","0.0","976.0","0.0","APON1,APON2,MELO",,"180.0"
"00120SC0001","Job Item 00120SC0001","Job Item 00120SC0001","2004-09-20","0.0","1176.84","150.0","Finished","2006-09-11","0.0","21975.68","591.38","0.0","GRAN35,GRAN36,VIO",,"200.0"
"00003SC0076","Job Item 00003SC0076","Job Item 00003SC0076",,"0.0","654.65","159.0","Finished","1998-01-01","0.0","0.0","966.0","0.0","MARG",,"180.0"
"00102SC0019","Job Item 00102SC0019","Job Item 00102SC0019",,"1135.33","1411.34","63.0","Finished","1998-07-31","0.0","0.0","0.0","75029.42","MARN,MUNE,ORIO3,ZUAN","unione di tre schede scavo in asciutto","180.0"
"00102SC0018","Job Item 00102SC0018","Job Item 00102SC0018",,"2051.86","2523.65","57.0","Finished","1998-03-31","0.0","0.0","0.0","135623.37","FRES,MUNE,ZUAN",,"180.0"
"00102SC0017","Job Item 00102SC0017","Job Item 00102SC0017",,"845.1","928.94","70.0","Finished","1998-03-31","0.0","0.0","0.0","55849.26","FRAR2,TOMA",,"180.0"
"00102SC0016","Job Item 00102SC0016","Job Item 00102SC0016",,"472.48","289.32","64.0","Finished","1998-03-31","0.0","0.0","0.0","19763.66","FRAR1,FRAR2,TOMA",,"180.0"
"00330SC0001","Job Item 00330SC0001","Job Item 00330SC0001",,"0.0","0.0",,"InProgress",,"0.0","0.0","0.0","0.0",,"NON ESCAVO MA RIEMPIMENTO","180.0"
"00003SC0081","Job Item 00003SC0081","Job Item 00003SC0081",,"0.0","518.6","152.0","Finished","1998-01-01","0.0","0.0","211.9","0.0","RAFF1,RAFF2",,"180.0"
"00371SC0001","Job Item 00371SC0001","Job Item 00371SC0001","2002-02-01","0.0","3328.85",,"Finished","2003-10-16","21301.9","116650.88","1919.09","0.0","LEPA01,LEPA02,SCUO01","Il costo dello scavo è comprensivo di tutte le lavorazioni pertinenti, ovvvero salpamenti, sottoservizi, ecc.","180.0"
"00371SC0002","Job Item 00371SC0002","Job Item 00371SC0002","2002-02-01","0.0","5848.81",,"Finished","2003-10-16","28489.37","144870.23","2566.61","0.0","LEPA01,LEPA02,SCUO01","Il costo dello scavo è comprensivo di tutte le lavorazioni pertinenti, ovvvero salpamenti, sottoservizi, ecc.","180.0"
"00003SC0046","Job Item 00003SC0046","Job Item 00003SC0046",,"0.0","402.56","126.0","Finished","1998-01-01","0.0","0.0","124.0","0.0","PRIU2",,"180.0"
"00180SC0001","Job Item 00180SC0001","Job Item 00180SC0001",,"0.01","980.29","110.0","InProgress",,"0.0","0.0","0.0","0.0","PANA1,PANA2",,"180.0"
"00180SC0002","Job Item 00180SC0002","Job Item 00180SC0002",,"0.01","868.25","104.0","InProgress",,"0.0","0.0","0.0","0.0","PANA1,PANA2,WIDM3",,"180.0"
"00003SC0047","Job Item 00003SC0047","Job Item 00003SC0047",,"0.0","185.74","131.0","Finished","1998-01-01","0.0","0.0","60.0","0.0","FELI1,PRIU1",,"180.0"
"00003SC0042","Job Item 00003SC0042","Job Item 00003SC0042",,"0.0","34.07","169.0","Finished","1998-01-01","0.0","0.0","96.3","0.0","ANDR2",,"180.0"
"00180SC0005","Job Item 00180SC0005","Job Item 00180SC0005",,"0.01","81.7","128.0","InProgress",,"0.0","0.0","0.0","0.0","WIDM1,WIDM2",,"180.0"
"00003SC0041","Job Item 00003SC0041","Job Item 00003SC0041",,"0.0","79.47","166.0","Finished","1998-01-01","0.0","0.0","176.5","0.0","ANDR1",,"180.0"
"00180SC0006","Job Item 00180SC0006","Job Item 00180SC0006",,"0.01","140.97","123.0","InProgress",,"0.0","0.0","0.0","0.0","PANA2,PANA3,WIDM3",,"180.0"
"00003SC0044","Job Item 00003SC0044","Job Item 00003SC0044",,"0.0","153.25","152.0","Finished","1998-01-01","0.0","0.0","81.0","0.0","PRIU3",,"180.0"
"00180SC0003","Job Item 00180SC0003","Job Item 00180SC0003",,"0.01","452.17","100.0","InProgress",,"0.0","0.0","0.0","0.0","PANA3,WIDM3",,"180.0"
"PF546SC0001","Job Item PF546SC0001","Job Item PF546SC0001",,"0.01","0.0","265.0","Finished",,,,"0.0",,,,"180.0"
"00003SC0043","Job Item 00003SC0043","Job Item 00003SC0043",,"0.0","257.62","158.0","Finished","1998-01-01","0.0","0.0","363.8","0.0","GOZZ",,"180.0"
"00180SC0004","Job Item 00180SC0004","Job Item 00180SC0004",,"0.01","406.85","128.0","InProgress",,"0.0","0.0","0.0","0.0","WIDM1,WIDM2",,"180.0"
"00009SC0084","Job Item 00009SC0084","Job Item 00009SC0084",,"0.01","304.78","157.0","Finished","1989-01-01","0.0","0.0","138.0","0.0","TROV3",,"200.0"
"00009SC0083","Job Item 00009SC0083","Job Item 00009SC0083",,"0.01","1471.16","141.0","Finished","1989-01-01","0.0","0.0","486.0","0.0","TROV2",,"200.0"
"00009SC0082","Job Item 00009SC0082","Job Item 00009SC0082",,"0.01","1223.91","148.0","Finished","1993-01-01","0.0","0.0","1350.0","0.0","VIO",,"200.0"
"00367SC0004","Job Item 00367SC0004","Job Item 00367SC0004","2001-10-02","17.56","19.91","150.0","Finished","2002-06-15","501.26","1966.55","44.8","1178.8","PONT01",,"180.0"
"00367SC0001","Job Item 00367SC0001","Job Item 00367SC0001","2001-10-02","0.0","12.12","151.0","Finished","2002-06-15","592.4","1646.7","37.51","0.0","PONT01",,"180.0"
"00367SC0002","Job Item 00367SC0002","Job Item 00367SC0002","2001-10-02","0.0","12.9","151.0","Finished","2002-06-15","592.4","1646.7","37.51","0.0","PONT01",,"180.0"
"00367SC0003","Job Item 00367SC0003","Job Item 00367SC0003","2001-10-02","11.6","12.31","151.0","Finished","2002-06-15","331.24","1299.52","29.6","778.97","PONT01",,"180.0"
"00413SC0008","Job Item 00413SC0008","Job Item 00413SC0008",,"306.83","0.0",,"Finished","2006-06-14","0.0","0.0","0.0","0.0","GIAR3","dati sui mc di fanghi complessivi della commessa erano 1841 (21/12/2006), avanzamento da indicazioni ing. Turlon (18/07/05)","180.0"
"00119SC0012","Job Item 00119SC0012","Job Item 00119SC0012",,"0.01","1978.27","63.0","Finished",,"0.0","0.0","0.0","0.0","FOSC1,FOSC2,GRIM2,MADA1","avanzamento da indicazioni ing. Turlon (03/08/2005)","180.0"
"00413SC0009","Job Item 00413SC0009","Job Item 00413SC0009","2006-10-01","306.83","0.0",,"Finished","2006-06-14","0.0","0.0","0.0","1636.65","GIAR3","dati sui mc di fanghi complessivi della commessa erano 1841 (21/12/2006), avanzamento da indicazioni ing. Turlon (18/07/05)","180.0"
"00003SC0058","Job Item 00003SC0058","Job Item 00003SC0058",,"0.0","-517.65","189.0","Finished","1998-01-01","0.0","0.0","2789.0","0.0","ELEN",,"180.0"
"00413SC0006","Job Item 00413SC0006","Job Item 00413SC0006","2006-01-01","306.83","0.0",,"Finished","2006-06-14","0.0","15383.87","37590.0","0.0","GIAR3","dati sui mc di fanghi complessivi della commessa erano 1841 (21/12/2006), avanzamento da indicazioni ing. Turlon (18/07/05)","180.0"
"00413SC0007","Job Item 00413SC0007","Job Item 00413SC0007",,"306.83","0.0",,"Finished","2006-06-14","0.0","0.0","0.0","0.0","GIAR3","dati sui mc di fanghi complessivi della commessa erano 1841 (21/12/2006), avanzamento da indicazioni ing. Turlon (18/07/05)","180.0"
"00119SC0011","Job Item 00119SC0011","Job Item 00119SC0011",,"0.01","640.39","130.0","Finished",,"0.0","0.0","0.0","0.0","GRIM1,GRIM2,TRAP",,"180.0"
"00413SC0004","Job Item 00413SC0004","Job Item 00413SC0004","2004-11-15","306.83","0.0",,"Finished","2006-06-14","0.0","11048.0","270.0","0.0","PIER1,PIER2","dati sui mc di fanghi complessivi della commessa erano 1841 (21/12/2006), avanzamento da indicazioni ing. Turlon (18/07/05)","180.0"
"00413SC0005","Job Item 00413SC0005","Job Item 00413SC0005","2004-11-15","306.83","0.0",,"Finished","2006-06-14","0.0","11048.4","270.0","0.0","PIER1,PIER2,PIER3","dati sui mc di fanghi complessivi della commessa erano 1841 (21/12/2006), avanzamento da indicazioni ing. Turlon (18/07/05)","180.0"
"00119SC0015","Job Item 00119SC0015","Job Item 00119SC0015",,"0.01","-320.51","20.0","Finished",,"0.0","0.0","0.0","0.0","FOSC1,GRIM2,MARC1,SERV1,SERV2","avanzamento da indicazioni ing. Turlon (03/08/2005)","180.0"
"00009SC0093","Job Item 00009SC0093","Job Item 00009SC0093",,"0.01","663.94","121.0","Finished","1996-01-01","0.0","0.0","202.0","0.0","CREA3",,"180.0"
"00119SC0009","Job Item 00119SC0009","Job Item 00119SC0009",,"0.01","431.94","126.0","Finished",,"0.0","0.0","0.0","0.0","SERV1,SERV2",,"180.0"
"00006SC0063","Job Item 00006SC0063","Job Item 00006SC0063",,"356.0","71.67","166.0","Finished","1997-01-01","0.0","0.0","0.0","0.0","LUNA,REAL",,"180.0"
"00119SC0004","Job Item 00119SC0004","Job Item 00119SC0004",,"616.0","385.89","154.0","Finished",,"0.0","0.0","905.0","0.0","FOSC1,FOSC2,MADA1,MADA2","dati sui mc di fanghi complessivi della commessa (18/03/2005)","180.0"
"00003SC0021","Job Item 00003SC0021","Job Item 00003SC0021",,"0.0","460.03","161.0","Finished","1998-01-01","0.0","0.0","1268.8","0.0","SCUD1,VIGN",,"180.0"
"00119SC0006","Job Item 00119SC0006","Job Item 00119SC0006",,"0.01","470.23","139.0","Finished",,"0.0","0.0","0.0","0.0","MARC1,MARC2,MARC3,SERV2","avanzamento da indicazioni ing. Turlon (03/08/2005)","180.0"
"00003SC0024","Job Item 00003SC0024","Job Item 00003SC0024",,"0.0","866.11","133.0","Finished","1998-01-01","0.0","0.0","639.3","0.0","SCUD1,SCUD2,VIGN",,"180.0"
"00003SC0026","Job Item 00003SC0026","Job Item 00003SC0026",,"0.0","979.91","123.0","Finished","1998-01-01","0.0","0.0","634.0","0.0","DIO",,"180.0"
"00119SC0002","Job Item 00119SC0002","Job Item 00119SC0002",,"0.01","573.15","65.0","Finished",,"0.0","0.0","0.0","0.0","FOSC1,GRIM1,GRIM2,SERV2,TRAP",,"180.0"
"00300SC0001","Job Item 00300SC0001","Job Item 00300SC0001",,"0.0","0.0",,"Finished","1998-01-01","0.0","0.0","11200.0","0.0",,"Segmento non in DB; elemento ridisegnato il 19/9/02 secondo dwg piano; NON ESCAVO MA RIEMPIMENTO",
"00003SC0040","Job Item 00003SC0040","Job Item 00003SC0040",,"0.0","235.28","87.0","Finished","1998-01-01","0.0","0.0","197.0","0.0","MADA1,MADA2",,"180.0"
"00003SC0033","Job Item 00003SC0033","Job Item 00003SC0033",,"0.0","3844.13","97.0","Finished","1998-01-01","0.0","0.0","3119.0","0.0","SENS1",,"180.0"
"00009SC0079","Job Item 00009SC0079","Job Item 00009SC0079",,"48.0","-536.56","246.0","Finished","1996-01-01","0.0","0.0","13.0","0.0","NOVO2,NOVO3",,"200.0"
"00003SC0032","Job Item 00003SC0032","Job Item 00003SC0032",,"0.0","145.02","157.0","Finished","1998-01-01","0.0","0.0","454.0","0.0","MUTI,SENS5,SENS6",,"180.0"
"00009SC0078","Job Item 00009SC0078","Job Item 00009SC0078",,"153.0","-1219.9","237.0","Finished","1996-01-01","0.0","0.0","44.0","0.0","NOVO1",,"200.0"
"00003SC0031","Job Item 00003SC0031","Job Item 00003SC0031",,"0.0","193.51","140.0","Finished","1998-01-01","0.0","0.0","321.0","0.0","SENS2,SENS3,TRAS",,"180.0"
"00009SC0077","Job Item 00009SC0077","Job Item 00009SC0077",,"213.0","-1620.2","246.0","Finished","1996-01-01","0.0","0.0","0.0","0.0","NOVO3,NOVO4",,"200.0"
"00003SC0030","Job Item 00003SC0030","Job Item 00003SC0030",,"0.0","182.57","137.0","Finished","1998-01-01","0.0","0.0","108.5","0.0","SCUD1,SCUD2",,"180.0"
"00003SC0037","Job Item 00003SC0037","Job Item 00003SC0037",,"0.0","1412.31","96.0","Finished","1998-01-01","0.0","0.0","949.0","0.0","MUTI,SENS5",,"180.0"
"00003SC0036","Job Item 00003SC0036","Job Item 00003SC0036",,"0.0","616.37","107.0","Finished","1998-01-01","0.0","0.0","290.0","0.0","SENS4",,"180.0"
"00003SC0035","Job Item 00003SC0035","Job Item 00003SC0035",,"0.0","683.13","95.0","Finished","1998-01-01","0.0","0.0","532.8","0.0","SENS3,TRAS",,"180.0"
"00003SC0034","Job Item 00003SC0034","Job Item 00003SC0034",,"0.0","3024.18","80.0","Finished","1998-01-01","0.0","0.0","2348.0","0.0","SENS2,TRAS",,"180.0"
"00003SC0039","Job Item 00003SC0039","Job Item 00003SC0039",,"0.0","449.08","127.0","Finished","1998-01-01","0.0","0.0","54.0","0.0","FELI1,PRIU1",,"180.0"
"00003SC0038","Job Item 00003SC0038","Job Item 00003SC0038",,"0.0","1915.42","99.0","Finished","1998-01-01","0.0","0.0","1256.0","0.0","MUTI,SENS6",,"180.0"
"00187SC0010","Job Item 00187SC0010","Job Item 00187SC0010",,"0.01","6.84",,"InProgress",,"0.0","0.0","0.0","0.0","APON1,APON2,GRAN20,GRAN21,MELO",,"180.0"
"II473SC0008","Job Item II473SC0008","Job Item II473SC0008",,"0.01","0.0",,"Finished",,"0.0","0.0","0.0","0.0","CAZZ,NOVO3,NOVO4,TREP1",,"180.0"
"II473SC0009","Job Item II473SC0009","Job Item II473SC0009",,"0.01","0.0",,"Finished",,"0.0","0.0","0.0","0.0","CAZZ,MAGG1,TREP2",,"180.0"
"II473SC0006","Job Item II473SC0006","Job Item II473SC0006",,"0.01","0.0",,"Finished",,"0.0","0.0","0.0","0.0","BRIA,TENT1,TREP3",,"180.0"
"00319SC0001","Job Item 00319SC0001","Job Item 00319SC0001",,"0.0","3301.19","143.0","Finished","2000-12-01","1208.87","10120.8","108.87","0.0","CDON02","scavi solo in corrispondenza della fondamenta","180.0"
"II473SC0007","Job Item II473SC0007","Job Item II473SC0007",,"0.01","0.0",,"Finished",,"0.0","0.0","0.0","0.0","BRIA,MAGG2,MAGG3,TENT2",,"180.0"
"00319SC0002","Job Item 00319SC0002","Job Item 00319SC0002",,"0.0","2425.43",,"Finished","1999-12-31","27753.86","89714.91","2499.0","0.0",,"Darsena di appoggio per liberare area d'intervento, variato dopo avanzamento 2001","220.0"
"II473SC0004","Job Item II473SC0004","Job Item II473SC0004",,"0.01","0.0",,"Finished",,"0.0","0.0","0.0","0.0","CAZZ,MAGG2,TENT2",,"180.0"
"II473SC0005","Job Item II473SC0005","Job Item II473SC0005",,"0.01","0.0",,"Finished",,"0.0","0.0","0.0","0.0","MAGG3,TENT2",,"180.0"
"II473SC0002","Job Item II473SC0002","Job Item II473SC0002",,"0.01","0.0",,"Finished",,"0.0","0.0","0.0","0.0","CAZZ,MAGG1,MAGG2,TREP1,TREP2",,"180.0"
"II473SC0003","Job Item II473SC0003","Job Item II473SC0003",,"0.01","0.0",,"Finished",,"0.0","0.0","0.0","0.0","CAZZ,MAGG1,TREP2,TREP3",,"180.0"
"II473SC0001","Job Item II473SC0001","Job Item II473SC0001",,"0.01","0.0",,"Finished",,"0.0","0.0","0.0","0.0","BOTE,TREP3",,"180.0"
"II473SC0010","Job Item II473SC0010","Job Item II473SC0010",,"0.01","0.0",,"Finished",,"0.0","0.0","0.0","0.0","BOTE,MAGG1,TENT1,TREP3",,"180.0"
"00303SC0005","Job Item 00303SC0005","Job Item 00303SC0005",,"0.0","436.7","151.0","Finished","1997-11-25","0.0","0.0","1443.0","0.0","ASSA02,PONT01",,"180.0"
"00303SC0004","Job Item 00303SC0004","Job Item 00303SC0004",,"0.0","368.76","153.0","Finished","1998-03-17","0.0","0.0","1309.0","0.0","ASSA01,ASSA02,GIUD01,PONT01",,"180.0"
"00187SC0009","Job Item 00187SC0009","Job Item 00187SC0009",,"0.01","7.19",,"InProgress",,"0.0","0.0","0.0","0.0","APON2,GRAN21,GRAN22,MADO3",,"180.0"
"00303SC0003","Job Item 00303SC0003","Job Item 00303SC0003",,"0.0","1218.89","148.0","Finished","1998-05-20","0.0","0.0","3996.0","0.0","TERR01",,"180.0"
"00187SC0008","Job Item 00187SC0008","Job Item 00187SC0008",,"0.01","4.36",,"InProgress",,"0.0","0.0","0.0","0.0","APON2,CASS2,MADO2",,"180.0"
"00303SC0002","Job Item 00303SC0002","Job Item 00303SC0002",,"0.0","1122.68","140.0","Finished","1998-03-17","0.0","0.0","3403.0","0.0","ASSA01,ASSA02,GIUD01",,"180.0"
"00003SC0104","Job Item 00003SC0104","Job Item 00003SC0104",,"0.0","382.7","151.0","Finished","1998-01-01","0.0","0.0","1036.0","0.0","NICO1,RAFF1,RAFF2",,"180.0"
"00187SC0007","Job Item 00187SC0007","Job Item 00187SC0007",,"0.01","2.59",,"InProgress",,"0.0","0.0","0.0","0.0","2TOR1,2TOR2,CASS2,MADO1",,"180.0"
"00303SC0001","Job Item 00303SC0001","Job Item 00303SC0001",,"0.0","229.98","143.0","Finished","1998-03-17","0.0","0.0","624.0","0.0","ASSA01,ASSA02,GIUD01",,"180.0"
"00187SC0006","Job Item 00187SC0006","Job Item 00187SC0006",,"0.01","3.09",,"InProgress",,"0.0","0.0","0.0","0.0","CASS1,CASS2,MADO1,MADO2",,"180.0"
"00187SC0005","Job Item 00187SC0005","Job Item 00187SC0005",,"0.01","12.64",,"InProgress",,"0.0","0.0","0.0","0.0","CASS1,CASS2,GRAN13,GRAN14",,"180.0"
"00187SC0004","Job Item 00187SC0004","Job Item 00187SC0004",,"0.01","0.74",,"InProgress",,"0.0","0.0","0.0","0.0","APON1,BECA1,BECA2",,"180.0"
"00187SC0003","Job Item 00187SC0003","Job Item 00187SC0003",,"0.01","10.89",,"InProgress",,"0.0","0.0","0.0","0.0","BECA1,BECA2,GRAN14",,"180.0"
"00331SC0004","Job Item 00331SC0004","Job Item 00331SC0004",,"0.0","387.58","244.0","Finished","2000-06-30","0.0","0.0","25.0","0.0","GRAN15","scavo eseguito nell'ambito dl risanamento della sponda","500.0"
"00187SC0002","Job Item 00187SC0002","Job Item 00187SC0002",,"0.01","1.99",,"InProgress",,"0.0","0.0","0.0","0.0","APON2,MADO2,MADO3,MELO",,"180.0"
"00187SC0001","Job Item 00187SC0001","Job Item 00187SC0001",,"0.01","3.89",,"InProgress",,"0.0","0.0","0.0","0.0","APON1,BECA2,MELO",,"180.0"
"00115SC0007","Job Item 00115SC0007","Job Item 00115SC0007",,"0.01","550.12","148.0","Finished",,"0.0","0.0","0.0","0.0","DIO,MRTI1",,"180.0"
"00115SC0008","Job Item 00115SC0008","Job Item 00115SC0008",,"0.01","73.03","107.0","Finished",,,,"0.0",,"GORN,MRTI2",,"180.0"
"00115SC0009","Job Item 00115SC0009","Job Item 00115SC0009",,"0.01","39.17","148.0","Finished",,,,"0.0",,"SCUD1,VIGN",,"180.0"
"00115SC0004","Job Item 00115SC0004","Job Item 00115SC0004",,"0.01","755.54","139.0","Finished",,"0.0","0.0","0.0","0.0","GORN,SCUD1,SCUD2,VIGN",,"180.0"
"00507SC0001","Job Item 00507SC0001","Job Item 00507SC0001",,"80000.0","0.0","250.0","Finished","2011-03-14","0.0",,,"800000.0",,"da telefonata con Balducci e contabilità cantiere","250.0"
"00115SC0005","Job Item 00115SC0005","Job Item 00115SC0005",,"0.01","165.59","141.0","Finished",,"0.0","0.0","0.0","0.0","MRTI1,SCUD1,SCUD2",,"180.0"
"II473SC0015","Job Item II473SC0015","Job Item II473SC0015",,"0.01","0.0",,"Finished",,"0.0","0.0","0.0","0.0","CAZZ,MAGG1,MAGG2",,"180.0"
"00398SC0002","Job Item 00398SC0002","Job Item 00398SC0002","2004-11-02","0.01","0.0",,"Finished","2008-12-18","0.0","0.0","0.01","0.0","CDON02","dati sui mc di scavo trasmessi a voce (23/03/2006)","180.0"
"II473SC0016","Job Item II473SC0016","Job Item II473SC0016",,"0.01","0.0",,"Finished",,"0.0","0.0","0.0","0.0","MAGG2,MAGG3,TENT2",,"180.0"
"II473SC0017","Job Item II473SC0017","Job Item II473SC0017",,"0.01","0.0",,"Finished",,"0.0","0.0","0.0","0.0","BRIA,TENT1,TENT2",,"180.0"
"00115SC0002","Job Item 00115SC0002","Job Item 00115SC0002",,"0.01","33.66","148.0","Finished",,"0.0","0.0","0.0","0.0","DIO,GORN,MRTI1,SCUD2",,"180.0"
"II473SC0011","Job Item II473SC0011","Job Item II473SC0011",,"0.01","0.0",,"Finished",,"0.0","0.0","0.0","0.0","CAZZ,TREP1,TREP2",,"180.0"
"II473SC0012","Job Item II473SC0012","Job Item II473SC0012",,"0.01","0.0",,"Finished",,"0.0","0.0","0.0","0.0","BOTE",,"180.0"
"II473SC0013","Job Item II473SC0013","Job Item II473SC0013",,"0.01","0.0",,"Finished",,"0.0","0.0","0.0","0.0","MAGG1,TREP2,TREP3",,"180.0"
"II473SC0014","Job Item II473SC0014","Job Item II473SC0014",,"0.01","0.0",,"Finished",,"0.0","0.0","0.0","0.0","BOTE,TENT1,TREP3",,"180.0"
"00398SC0001","Job Item 00398SC0001","Job Item 00398SC0001","2004-11-02","510.0","0.0",,"Finished","2008-12-18","0.0","0.0","370.0","0.0","CDON02","dati sui mc di scavo trasmessi a voce (23/03/2006)","180.0"
"00003SC0112","Job Item 00003SC0112","Job Item 00003SC0112",,"0.0","315.27","99.0","Finished","1997-01-01","0.0","0.0","228.0","0.0","APON1,BECA2,MELO",,"180.0"
"00003SC0117","Job Item 00003SC0117","Job Item 00003SC0117",,"0.0","-102.48","188.0","Finished","1998-01-01","0.0","0.0","638.8","0.0","MORT,PPIC2",,"180.0"
"00187SC0016","Job Item 00187SC0016","Job Item 00187SC0016",,"0.01","0.0",,"InProgress",,"0.0","0.0","0.0","0.0","APON2,MADO2,MADO3",,"180.0"
"00003SC0118","Job Item 00003SC0118","Job Item 00003SC0118",,"0.0","-41.64","183.0","Finished","1998-01-01","0.0","0.0","721.3","0.0","PPIC1",,"180.0"
"00187SC0015","Job Item 00187SC0015","Job Item 00187SC0015",,"0.01","0.0",,"InProgress",,"0.0","0.0","0.0","0.0","APON1,APON2,MELO",,"180.0"
"00003SC0115","Job Item 00003SC0115","Job Item 00003SC0115",,"0.0","4349.92","152.0","Finished","1998-01-01","0.0","0.0","1681.0","0.0","GIAR3",,"220.0"
"00003SC0116","Job Item 00003SC0116","Job Item 00003SC0116",,"0.0","-41.27","183.0","Finished","1998-01-01","0.0","0.0","756.8","0.0","MORT,PPIC3",,"180.0"
"00187SC0013","Job Item 00187SC0013","Job Item 00187SC0013",,"0.01","0.0",,"InProgress",,"0.0","0.0","0.0","0.0","CASS2,MADO1,MADO2",,"180.0"
"00179SC0007","Job Item 00179SC0007","Job Item 00179SC0007",,"0.01","0.0","153.0","InProgress",,"0.0","0.0","0.0","0.0","ALVI,ORTO1,TRAS,ZECC",,"180.0"
"00179SC0005","Job Item 00179SC0005","Job Item 00179SC0005",,"0.01","0.0","140.0","InProgress",,"0.0","0.0","0.0","0.0","ALVI,ORTO1,ZECC",,"180.0"
"00179SC0006","Job Item 00179SC0006","Job Item 00179SC0006",,"0.01","0.0","122.0","InProgress",,"0.0","0.0","0.0","0.0","BRAZ,ORTO1,ORTO2",,"180.0"
"00179SC0003","Job Item 00179SC0003","Job Item 00179SC0003",,"0.01","0.0","159.0","InProgress",,"0.0","0.0","0.0","0.0","BRAZ,ORTO1,TRAS,ZECC",,"180.0"
"00179SC0004","Job Item 00179SC0004","Job Item 00179SC0004",,"0.01","0.0","153.0","InProgress",,"0.0","0.0","0.0","0.0","BRAZ,MUTI,ORTO2",,"180.0"
"00179SC0001","Job Item 00179SC0001","Job Item 00179SC0001",,"0.01","0.0","185.0","InProgress",,"0.0","0.0","0.0","0.0","MUTI,ORTO3,SACM",,"180.0"
"00179SC0002","Job Item 00179SC0002","Job Item 00179SC0002",,"0.01","0.0","167.0","InProgress",,"0.0","0.0","0.0","0.0","ALVI,SENS1,TRAS,ZECC",,"180.0"
"00115SC0010","Job Item 00115SC0010","Job Item 00115SC0010",,"0.01","185.33","88.0","Finished",,,,"0.0",,"GORN,MRTI1,MRTI2",,"180.0"
"00115SC0011","Job Item 00115SC0011","Job Item 00115SC0011",,"0.01","88.7","88.0","Finished",,,,"0.0",,"GORN,SCUD1",,"180.0"
"00101SC0012","Job Item 00101SC0012","Job Item 00101SC0012",,"1680.0","1073.07","112.0","Finished","1999-03-31","0.0","0.0","0.0","177974.95","GHET,MISE2,MISE3",,"180.0"
"00003SC0122","Job Item 00003SC0122","Job Item 00003SC0122",,"0.0","688.32","152.0","Finished","1998-01-01","0.0","0.0","1105.0","0.0","CROC",,"180.0"
"00101SC0011","Job Item 00101SC0011","Job Item 00101SC0011",,"1221.0","1237.67","109.0","Finished","1997-09-30","0.0","0.0","0.0","104801.5","MISE6",,"180.0"
"00003SC0123","Job Item 00003SC0123","Job Item 00003SC0123",,"0.0","1405.44","84.0","Finished","1998-01-01","0.0","0.0","147.8","0.0","NICO1,RAFF2",,"180.0"
"00101SC0010","Job Item 00101SC0010","Job Item 00101SC0010",,"955.0","1023.73","114.0","Finished","1998-02-06","0.0","0.0","0.0","81969.97","MISE5",,"180.0"
"00101SC0016","Job Item 00101SC0016","Job Item 00101SC0016",,"0.01","72.53","121.0","Finished","1998-09-03","0.0","4634.68","54.0","0.0","MISE4,MISE5",,"180.0"
"00101SC0015","Job Item 00101SC0015","Job Item 00101SC0015",,"0.01","40.47","115.0","Finished","1998-09-03","0.0","10814.61","126.0","0.0","MISE3,MISE4",,"180.0"
"00101SC0014","Job Item 00101SC0014","Job Item 00101SC0014",,"0.01","47.12","90.0","Finished","1998-02-06","0.0","1888.17","22.0","0.0","MISE5,MISE6",,"180.0"
"00003SC0120","Job Item 00003SC0120","Job Item 00003SC0120",,"0.0","-2664.48","222.0","Finished","1997-05-01","0.0","0.0","626.0","0.0","CDON01,CDON02",,"180.0"
"00101SC0013","Job Item 00101SC0013","Job Item 00101SC0013",,"0.01","200.63","83.0","Finished","1998-04-06","0.0","4040.76","142.0","0.0","BATE1,GIRO,MORO",,"180.0"
"00003SC0121","Job Item 00003SC0121","Job Item 00003SC0121",,"0.0","3301.19","143.0","Finished","1997-05-01","0.0","0.0","2750.0","0.0","CDON01,CDON02","scavi da ponte s. donato a ponte zaniol","180.0"
"00101SC0018","Job Item 00101SC0018","Job Item 00101SC0018",,"0.01","160.23","83.0","Finished","1998-04-24","0.0","7488.11","147.0","0.0","BATE1,BATE2,GHET","sono stati sommati scavi in umido e in asciutto","180.0"
"00101SC0017","Job Item 00101SC0017","Job Item 00101SC0017",,"0.01","186.29","88.0","Finished","1998-04-24","0.0","25393.15","220.0","0.0","BATE2,GIRO,MISE1,TRTE",,"180.0"
"00104SC0009","Job Item 00104SC0009","Job Item 00104SC0009",,"97.59","1180.3","141.0","Finished","2001-05-15","0.0","33129.8","553.0","6854.4","ANTO,PIET","Vecchia scheda di scavo a secco= 584","200.0"
"00104SC0008","Job Item 00104SC0008","Job Item 00104SC0008",,"0.01","924.08","148.0","Finished","2001-05-15","0.0","999.24","16.68","0.0","GIUS","Scheda incompleta","200.0"
"00104SC0007","Job Item 00104SC0007","Job Item 00104SC0007",,"0.01","1927.4","133.0","Finished","2001-05-15","0.0","163745.86","979.89","0.0","ANTO,PIET","lavoro parziale su 160 ml, dati modificati, vedi scheda data old 30/06/2000","200.0"
"00180SC0007","Job Item 00180SC0007","Job Item 00180SC0007",,"0.01","57.2","179.0","InProgress",,"0.0","0.0","0.0","0.0","MEND",,"180.0"
"00189SC0020","Job Item 00189SC0020","Job Item 00189SC0020",,"0.01","9.47","155.0","InProgress",,"0.0","0.0","0.0","0.0","CATE1,CATE2,RACH1",,"180.0"
"00429SC0003","Job Item 00429SC0003","Job Item 00429SC0003","2006-10-29","0.01","63.78","156.0","Finished","2008-12-12",,,,,"EUFE2",,"180.0"
"00101SC0001","Job Item 00101SC0001","Job Item 00101SC0001",,"0.01","86.59","175.0","Finished","1998-04-06","0.0","15395.06","541.0","0.0","GIRO,MORO",,"180.0"
"00101SC0003","Job Item 00101SC0003","Job Item 00101SC0003",,"3459.0","4369.68","88.0","Finished","1998-08-06","0.0","7057.38","248.0","228340.57","BATE1,BATE2,GIRO,MORO,TRTE",,"180.0"
"00101SC0002","Job Item 00101SC0002","Job Item 00101SC0002",,"2935.0","4403.46","83.0","Finished","1997-11-06","0.0","22309.91","784.0","216059.74","BATE1,GHET,GIRO",,"180.0"
"00104SC0010","Job Item 00104SC0010","Job Item 00104SC0010",,"183.3","924.08","148.0","Finished",,"0.0","0.0","0.0","0.0","GIUS",,"200.0"
"00101SC0005","Job Item 00101SC0005","Job Item 00101SC0005",,"1593.0","1906.75","67.0","Finished","1998-07-10","0.0","0.0","0.0","183872.6","BATE1,BATE2,GHET,MISE1,MISE2",,"180.0"
"00101SC0004","Job Item 00101SC0004","Job Item 00101SC0004",,"434.0","620.23","39.0","Finished","1998-04-24","0.0","2817.27","99.0","28649.93","GIRO,MISE1,TRTE",,"180.0"
"00101SC0007","Job Item 00101SC0007","Job Item 00101SC0007",,"891.0","1671.17","87.0","Finished","1998-01-01","0.0","0.0","0.0","102844.13","BATE2,GHET,MISE1,TRTE","(scheda lavori in corso) verificare data fine in schede","180.0"
"00101SC0006","Job Item 00101SC0006","Job Item 00101SC0006",,"662.0","971.43","63.0","Finished","1998-04-24","0.0","7000.06","246.0","43701.03","BATE2,GHET,GIRO,MISE1",,"180.0"
"00101SC0009","Job Item 00101SC0009","Job Item 00101SC0009",,"125.0","173.02","112.0","Finished","1998-09-03","0.0","0.0","0.0","10728.88","MISE4",,"180.0"
"00101SC0008","Job Item 00101SC0008","Job Item 00101SC0008",,"360.0","698.03","91.0","Finished","1998-09-03","0.0","0.0","0.0","41553.09","MISE2,MISE3",,"180.0"
"00009SC0132","Job Item 00009SC0132","Job Item 00009SC0132",,"0.01","-56.44","211.0","Finished","1996-01-01","0.0","0.0","0.0","0.0","CAFO1,NOVO4",,"180.0"
"00373SC0001","Job Item 00373SC0001","Job Item 00373SC0001",,"1060.0","0.0",,"Finished","2002-02-11","0.0","0.0","0.0","260552.51",,"intervento su RTR da tombini pavimentazione mediante macchina a risucchio",
"00009SC0133","Job Item 00009SC0133","Job Item 00009SC0133",,"0.01","-11.33","211.0","Finished","1996-01-01","0.0","0.0","0.0","0.0","CAFO1,CAFO2",,"200.0"
"00006SC0111","Job Item 00006SC0111","Job Item 00006SC0111",,"388.0","223.02","140.0","Finished","1997-01-01","0.0","0.0","0.0","0.0","REAL,ZECA",,"180.0"
"00006SC0110","Job Item 00006SC0110","Job Item 00006SC0110",,"605.0","269.81","149.0","Finished","1997-01-01","0.0","0.0","0.0","0.0","LUNA,REAL,ZECA",,"180.0"
"00108SC0001","Job Item 00108SC0001","Job Item 00108SC0001","2000-05-16","204.91","-82.77","200.0","Finished","2000-09-29","0.0","0.0","0.0","20636.5","ORSO",,"180.0"
"00108SC0002","Job Item 00108SC0002","Job Item 00108SC0002","2000-05-16","937.057","-319.28","200.0","Finished","2001-03-28","0.0","0.0","909.0","94370.17","ANZO1,ANZO2,SANT","Sulla scheda solo scavi a secco; valori a umido precedenti x bil.","180.0"
"00108SC0004","Job Item 00108SC0004","Job Item 00108SC0004","2000-05-16","752.906","-312.4","200.0","Finished","2001-03-28","0.0","23923.78","408.131","75824.49","DUCA",,"180.0"
"00108SC0006","Job Item 00108SC0006","Job Item 00108SC0006","2000-05-16","327.919","839.79","100.0","Finished","2003-05-30","0.0","10767.77","122.643","33024.43","CORN,GARZ",,"180.0"
"00431SC0004","Job Item 00431SC0004","Job Item 00431SC0004",,"0.01","81.38",,"InProgress",,,,"0.0",,"PROV2,VIN,ZANI",,"180.0"
"00108SC0008","Job Item 00108SC0008","Job Item 00108SC0008","2000-05-16","417.092","490.04","100.0","Finished","2003-05-30","0.0","0.0","289.0","42486.71","ANZO1,ANZO2,CORN,SANT","Sulla scheda solo scavi a secco; valori a umido precedenti x bil.","180.0"
"00431SC0002","Job Item 00431SC0002","Job Item 00431SC0002",,"0.01","999.95","106.0","InProgress",,,,"0.0",,"VIN,ZANI",,"180.0"
"00431SC0003","Job Item 00431SC0003","Job Item 00431SC0003",,"0.01","178.87","56.0","InProgress",,,,"0.0",,"PROV2",,"180.0"
"00189SC0007","Job Item 00189SC0007","Job Item 00189SC0007",,"0.01","364.51","158.0","InProgress",,"0.0","0.0","0.0","0.0","ACQU1,CATE3,GESU2",,"180.0"
"00431SC0001","Job Item 00431SC0001","Job Item 00431SC0001",,"0.01","401.59","135.0","InProgress",,,,"0.0",,"VIN,ZANI",,"180.0"
"00189SC0006","Job Item 00189SC0006","Job Item 00189SC0006",,"0.01","197.18","160.0","InProgress",,"0.0","0.0","0.0","0.0","ACQU1,CATE2,RACH1",,"180.0"
"00189SC0009","Job Item 00189SC0009","Job Item 00189SC0009",,"0.01","597.2","129.0","InProgress",,"0.0","0.0","0.0","0.0","ACQU1,ACQU2,APOS1,GESU2,GOZZ",,"180.0"
"00189SC0008","Job Item 00189SC0008","Job Item 00189SC0008",,"0.01","41.01","171.0","InProgress",,"0.0","0.0","0.0","0.0","CATE3,GESU2,GOZZ",,"180.0"
"00189SC0003","Job Item 00189SC0003","Job Item 00189SC0003",,"0.01","256.22","157.0","InProgress",,"0.0","0.0","0.0","0.0","APOS3,APOS4",,"180.0"
"00189SC0002","Job Item 00189SC0002","Job Item 00189SC0002",,"0.01","107.74","156.0","InProgress",,"0.0","0.0","0.0","0.0","APOS1,APOS2",,"180.0"
"00189SC0005","Job Item 00189SC0005","Job Item 00189SC0005",,"0.01","22.35","175.0","InProgress",,"0.0","0.0","0.0","0.0","CATE1,RACH1",,"180.0"
"00189SC0004","Job Item 00189SC0004","Job Item 00189SC0004",,"0.01","25.77","178.0","InProgress",,"0.0","0.0","0.0","0.0","APOS3,APOS4",,"180.0"
"00189SC0001","Job Item 00189SC0001","Job Item 00189SC0001",,"0.01","41.42","171.0","InProgress",,"0.0","0.0","0.0","0.0","APOS1,APOS2,GOZZ",,"180.0"
"00009SC0127","Job Item 00009SC0127","Job Item 00009SC0127",,"0.01","255.66","194.0","Finished",,"0.0","0.0","0.0","0.0","ACCA1","manca scheda; su indicazione Turlon","500.0"
"00009SC0126","Job Item 00009SC0126","Job Item 00009SC0126",,"0.01","-445.76","221.0","Finished","1996-01-01","0.0","0.0","0.0","0.0","CAFO2",,"200.0"
"00009SC0125","Job Item 00009SC0125","Job Item 00009SC0125",,"0.01","-72.58","211.0","Finished","1996-01-01","0.0","0.0","0.0","0.0","CAFO1",,"200.0"
"00009SC0124","Job Item 00009SC0124","Job Item 00009SC0124",,"0.01","982.46","129.0","Finished","1995-01-01","0.0","0.0","182.0","0.0","ZECC","Fagos","180.0"
"00108SC0010","Job Item 00108SC0010","Job Item 00108SC0010","2000-05-16","0.01","-153.21","200.0","Finished","2000-12-31","0.0","0.0","529.0","0.0","ANZO1,CORN,GARZ",,"180.0"
"00108SC0016","Job Item 00108SC0016","Job Item 00108SC0016","2000-05-16","21.0","61.18",,"Finished","2001-05-15","0.0","0.0","0.0","0.0","ANZO1,CORN,GARZ",,"180.0"
"00189SC0019","Job Item 00189SC0019","Job Item 00189SC0019",,"0.01","31.57","147.0","InProgress",,"0.0","0.0","0.0","0.0","APOS2,APOS3",,"180.0"
"00189SC0018","Job Item 00189SC0018","Job Item 00189SC0018",,"0.01","16.53","157.0","InProgress",,"0.0","0.0","0.0","0.0","APOS1,GESU2,GOZZ",,"180.0"
"00189SC0017","Job Item 00189SC0017","Job Item 00189SC0017",,"0.01","33.03","137.0","InProgress",,"0.0","0.0","0.0","0.0","ACQU1,ACQU2,ANDR2,GOZZ",,"180.0"
"00189SC0016","Job Item 00189SC0016","Job Item 00189SC0016",,"0.01","41.47","156.0","InProgress",,"0.0","0.0","0.0","0.0","CATE3,GESU2",,"180.0"
"00189SC0015","Job Item 00189SC0015","Job Item 00189SC0015",,"0.01","22.66","153.0","InProgress",,"0.0","0.0","0.0","0.0","ACQU1,CATE2,CATE3",,"180.0"
"00189SC0010","Job Item 00189SC0010","Job Item 00189SC0010",,"0.01","215.13","140.0","InProgress",,"0.0","0.0","0.0","0.0","ACQU1,ANDR2,CATE2,CATE3,GOZZ",,"180.0"
"00009SC0114","Job Item 00009SC0114","Job Item 00009SC0114",,"0.01","1564.32","103.0","Finished","1996-01-01","0.0","0.0","365.0","0.0","CREA1,CREA2",,"180.0"
"00009SC0113","Job Item 00009SC0113","Job Item 00009SC0113",,"4083.0","1541.13","77.0","Finished","1996-01-01","0.0","0.0","0.0","0.0","CREA1,CREA2",,"180.0"
"00317SC0001","Job Item 00317SC0001","Job Item 00317SC0001",,"0.0","55263.96",,"Finished","1999-01-01","0.0","0.0","1289.0","0.0",,,"220.0"
"00317SC0002","Job Item 00317SC0002","Job Item 00317SC0002",,"0.0","1620.89",,"Finished","1999-12-01","0.0","0.0","107.0","0.0",,"Scavo in corrispondenza della fondamenta e per la realizzazione della darsena di appoggio per liberare area d'intervento. Solo DARSENA, variato dopo avanzamento 2001","220.0"
"00009SC0119","Job Item 00009SC0119","Job Item 00009SC0119",,"0.01","10902.6",,"Finished","1997-05-01","0.0","0.0","11761.0","0.0","VETR01",,"180.0"
"00334SC0001","Job Item 00334SC0001","Job Item 00334SC0001",,"264.15","688.32","152.0","Finished","2000-10-31","0.0","0.0","240.0","18314.32","CROC","scavo effettuato nell'ambito del risanamento sponda","180.0"
"00009SC0105","Job Item 00009SC0105","Job Item 00009SC0105",,"0.01","709.86","110.0","Finished","1993-01-01","0.0","0.0","581.0","0.0","BARN1,BARN2",,"180.0"
"00009SC0106","Job Item 00009SC0106","Job Item 00009SC0106",,"0.01","461.11","147.0","Finished","1993-01-01","0.0","0.0","801.0","0.0","BARN1,BARN2",,"180.0"
"00009SC0107","Job Item 00009SC0107","Job Item 00009SC0107",,"30.4","-612.15","263.0","Finished","1996-01-01","0.0","0.0","0.0","0.0","NOVO2,NOVO3,NOVO4",,"200.0"
"00155SC0010","Job Item 00155SC0010","Job Item 00155SC0010",,"0.01","491.69","95.0","InProgress",,"0.0","0.0","0.0","0.0","BRAZ,SENS4,SENS5",,"180.0"
"00154SC0012","Job Item 00154SC0012","Job Item 00154SC0012","2003-05-06","40.48","6113.04","118.0","Finished","2007-02-13","739724.4","94381.0","2780.0","2617.44","PALA,PPIC1,PPIC2","L'incidenza dei casseri trasversali è pari a 88229,22 ?.","180.0"
"00365SC0001","Job Item 00365SC0001","Job Item 00365SC0001",,"0.0","0.0",,"Finished","2001-11-27","0.0","0.0","15539.11","0.0",,"no scheda, solo dati scavo (mq)",
"00112SC0008","Job Item 00112SC0008","Job Item 00112SC0008",,"0.01","551.66","106.0","Finished",,"0.0","0.0","0.0","0.0","GUER,PRIU2",,"180.0"
"00154SC0016","Job Item 00154SC0016","Job Item 00154SC0016","2006-05-29","232.75","26883.273529913","111.0","Finished","2007-02-13","58870.8",,,"15049.62","MORT,PPIC2,PPIC3",,"180.0"
"00112SC0009","Job Item 00112SC0009","Job Item 00112SC0009",,"0.01","257.24","133.0","Finished",,"0.0","0.0","0.0","0.0","ACQU3,GUER,PRIU3",,"180.0"
"00154SC0015","Job Item 00154SC0015","Job Item 00154SC0015","2004-11-23","0.0","877.37","111.0","Finished","2007-02-13","12099.0","37200.37","1095.74",,"CONV,EUFE1,EUFE2","L'incidenxa dei casseri trasversali è pari a 82856,30 ?.","180.0"
"00112SC0006","Job Item 00112SC0006","Job Item 00112SC0006",,"0.01","357.21","66.0","Finished",,"0.0","0.0","0.0","0.0","ANDR1,ANDR2,GUER,PRIU2,PRIU3",,"180.0"
"00112SC0007","Job Item 00112SC0007","Job Item 00112SC0007",,"0.01","269.14","109.0","Finished",,"0.0","0.0","0.0","0.0","FELI1,FELI2,PRIU1,RACH2",,"180.0"
"00112SC0004","Job Item 00112SC0004","Job Item 00112SC0004",,"0.01","381.29","135.0","Finished",,"0.0","0.0","0.0","0.0","FELI1,PRIU1",,"180.0"
"00112SC0005","Job Item 00112SC0005","Job Item 00112SC0005",,"0.01","354.66","144.0","Finished",,"0.0","0.0","0.0","0.0","FELI2,PRIU1",,"180.0"
"00112SC0001","Job Item 00112SC0001","Job Item 00112SC0001",,"0.01","349.42","122.0","Finished",,"0.0","0.0","0.0","0.0","ACQU2,ACQU3,PRIU3",,"180.0"
"00379SC0002","Job Item 00379SC0002","Job Item 00379SC0002","2005-10-12","200.0","0.0",,"Finished","2008-07-01","0.0","33.0","1570.0","65.0","LEPA01,LEPA02,SCUO01",,"180.0"
"00379SC0001","Job Item 00379SC0001","Job Item 00379SC0001","2005-10-12","1545.0","0.0",,"Finished","2008-07-01","0.0","33.0","3063.0","65.0","ROVI01",,"180.0"
"00113SC0006","Job Item 00113SC0006","Job Item 00113SC0006",,"0.01","2374.44","96.0","Finished","2004-07-05","0.0","81883.17","2494.0","0.0","DEGO1,DEGO2,DEGO3,DEGO4,ORIO2","sulla scheda solo scavi a umido; valore al 31/12/02: 2142,54 mc","180.0"
"00113SC0005","Job Item 00113SC0005","Job Item 00113SC0005",,"0.01","1016.5","127.0","Finished","2004-07-05","0.0","95152.02","1880.0","0.0","MEGI1,MEGI2,MEGI3,TRON","sulla scheda solo scavi a umido","180.0"
"00448SC0001","Job Item 00448SC0001","Job Item 00448SC0001",,"0.01","15143.0836473367","128.0","Finished","2012-03-16",,,"0.0",,"ANDR1,RACH1",,"180.0"
"00113SC0002","Job Item 00113SC0002","Job Item 00113SC0002",,"0.0","0.0",,"Finished","2004-07-05","0.0","0.0","350.0","0.0","DEGO1,DEGO2,DEGO3,DEGO4",,
"00113SC0001","Job Item 00113SC0001","Job Item 00113SC0001",,"0.01","603.46","124.0","Finished","2004-07-05","0.0","26102.76","683.0","0.0","DEGO4,MEGI2,MEGI3,ORIO1,ORIO2","sulla scheda solo scavi a umido","180.0"
"00448SC0003","Job Item 00448SC0003","Job Item 00448SC0003",,"0.01","20434.848567417","144.0","Finished","2012-03-16",,,"0.0",,"ANDR1,GUER,RACH1,RACH2",,"180.0"
"00113SC0004","Job Item 00113SC0004","Job Item 00113SC0004",,"0.01","698.59","61.0","Finished","2004-07-05","0.0","33355.89","751.0","0.0","MEGI1,MEGI2,TRON","sulla scheda solo scavi a umido","180.0"
"00448SC0002","Job Item 00448SC0002","Job Item 00448SC0002",,"0.01",,,"Finished","2012-03-16",,,"0.0",,"ANDR1,RACH1,RACH2",,"180.0"
"00448SC0005","Job Item 00448SC0005","Job Item 00448SC0005",,"0.01","11151.7797849634","144.0","Finished","2012-03-16",,,"0.0",,"ACQU1,ACQU2,ANDR2,GUER",,"180.0"
"00448SC0004","Job Item 00448SC0004","Job Item 00448SC0004",,"0.01",,,"Finished","2012-03-16",,,"0.0",,"ANDR1,ANDR2,GUER",,"180.0"
"00155SC0004","Job Item 00155SC0004","Job Item 00155SC0004",,"0.01","1179.43","141.0","InProgress",,"0.0","0.0","0.0","0.0","SENS2,TRAS",,"180.0"
"00155SC0003","Job Item 00155SC0003","Job Item 00155SC0003",,"0.01","1111.56","156.0","InProgress",,"0.0","0.0","0.0","0.0","SENS1",,"180.0"
"00155SC0006","Job Item 00155SC0006","Job Item 00155SC0006",,"0.01","379.95","135.0","InProgress",,"0.0","0.0","0.0","0.0","BRAZ,LUST,SENS4",,"180.0"
"00155SC0005","Job Item 00155SC0005","Job Item 00155SC0005",,"0.01","289.32","144.0","InProgress",,"0.0","0.0","0.0","0.0","LUST,SENS3,TRAS",,"180.0"
"00155SC0002","Job Item 00155SC0002","Job Item 00155SC0002",,"0.01","353.09","124.0","InProgress",,"0.0","0.0","0.0","0.0","MUTI,SENS5,SENS6",,"180.0"
"00155SC0001","Job Item 00155SC0001","Job Item 00155SC0001",,"0.01","243.98","124.0","InProgress",,"0.0","0.0","0.0","0.0","LUST,SENS3,SENS4",,"180.0"
"00155SC0008","Job Item 00155SC0008","Job Item 00155SC0008",,"0.01","1111.41","133.0","InProgress",,"0.0","0.0","0.0","0.0","MUTI,SENS6",,"180.0"
"00155SC0007","Job Item 00155SC0007","Job Item 00155SC0007",,"0.01","773.41","134.0","InProgress",,"0.0","0.0","0.0","0.0","BRAZ,MUTI,SENS5",,"180.0"
"00155SC0009","Job Item 00155SC0009","Job Item 00155SC0009",,"0.01","212.86","136.0","InProgress",,"0.0","0.0","0.0","0.0","SENS2,SENS3,TRAS",,"180.0"
"00701SC0001","Job Item 00701SC0001","Job Item 00701SC0001",,"102.0","458.25","161.0","Finished","1999-12-01","0.0","0.0","0.0","0.0","ARZE4","Scavo parziale in corrispondenza della sponda","180.0"
"00001SC0068","Job Item 00001SC0068","Job Item 00001SC0068",,"0.0","69.55","98.0","Finished","1993-01-01","0.0","0.0","51.0","0.0",,,"180.0"
"00001SC0069","Job Item 00001SC0069","Job Item 00001SC0069",,"0.0","139.92","88.0","Finished","1993-01-01","0.0","0.0","93.0","0.0",,,"180.0"
"00103SC0030","Job Item 00103SC0030","Job Item 00103SC0030",,"63.09","119.96","118.0","Finished",,"0.0","0.0","99.24","0.0","MOND1,PEST2,PIOM1,PIOM2","Su indicazioni Betty 31/12/01","180.0"
"00107SC0010","Job Item 00107SC0010","Job Item 00107SC0010","2003-03-10","0.01","648.37","147.0","Finished","2004-02-23","0.0","24668.0","759.0","0.0","OGNI3,TROV2",,"200.0"
"00103SC0032","Job Item 00103SC0032","Job Item 00103SC0032",,"368.58","633.23","124.0","Finished",,"0.0","0.0","393.93","0.0","FORM,MOND2,MOND3,PEST2","Al 02/07/2001: scheda 103SC0014, 185 mc fango scavati","180.0"
"00103SC0031","Job Item 00103SC0031","Job Item 00103SC0031",,"266.75","560.5","116.0","Finished",,"0.0","0.0","402.07","0.0","LIO,TEDE","Su indicazioni Betty 31/12/01","180.0"
"00001SC0070","Job Item 00001SC0070","Job Item 00001SC0070",,"0.0","429.63","67.0","Finished","1993-01-01","0.0","0.0","228.0","0.0",,,"180.0"
"00103SC0024","Job Item 00103SC0024","Job Item 00103SC0024",,"124.52","208.79","101.0","Finished","1998-09-30","0.0","7576.41","140.0","8331.38","PEST1,SEVE1,TETT1",,"180.0"
"00103SC0023","Job Item 00103SC0023","Job Item 00103SC0023",,"226.2","686.76","90.0","Finished","2000-02-02","0.0","25779.68","475.4","15128.83","PEST1,PEST2,TETT1","Compilata dal tabellone di Frezza","180.0"
"00103SC0022","Job Item 00103SC0022","Job Item 00103SC0022",,"92.0","403.83","94.0","Finished","1999-03-31","0.0","19401.81","358.0","6158.64","FORM,SEVE1,TETT1,TETT2","variazione 14 asciutto 81 umido appartengono al 1998 - erano stati inputati per errore nei costi dell'asciutto L. 164.094.480","180.0"
"00103SC0021","Job Item 00103SC0021","Job Item 00103SC0021",,"230.71","1599.72","69.0","Finished","1998-12-31","0.0","54716.03","1009.0","15430.15","LATE1","Compilato dal tabellone di Frezza","200.0"
"00103SC0020","Job Item 00103SC0020","Job Item 00103SC0020",,"436.0","953.64","94.0","Finished","1998-09-30","0.0","26517.42","489.0","29159.83","SEVE1,TETT2",,"180.0"
"00144SC0001","Job Item 00144SC0001","Job Item 00144SC0001","2002-02-13","222.37","382.06","111.0","Finished","2004-02-09","0.0","6325.844","161.168","25610.35","GAFF",,"180.0"
"00107SC0001","Job Item 00107SC0001","Job Item 00107SC0001","2003-05-05","0.01","461.11","147.0","Finished","2004-02-23","0.0","5000.0","15388.0","0.0","BARN1,BARN2","Si fa presente che i primi 30 metri di Rio a partire dalla confluenza con il Canal Grande non erano previsti in progetto.
Sentito il REIN è stato concordato di inserire nell'appalto anche la parte di segmento non prevista.","180.0"
"00144SC0002","Job Item 00144SC0002","Job Item 00144SC0002","2002-02-13","196.099","336.91","111.0","Finished","2004-02-09","0.0","5578.33","142.123","22584.72","GAFF",,"180.0"
"00107SC0002","Job Item 00107SC0002","Job Item 00107SC0002","2003-05-05","0.01","740.28","107.0","Finished","2004-02-09","0.0","16250.0","500.0","0.0","AVOG,BARN1,BARN2",,"180.0"
"00107SC0003","Job Item 00107SC0003","Job Item 00107SC0003",,"367.17","670.78","139.0","Finished","2006-03-23","0.0","0.0","5868.64","0.0","OGNI1","dati sui mc di fanghi complessivi della commessa (18/03/2005)","180.0"
"00103SC0029","Job Item 00103SC0029","Job Item 00103SC0029",,"216.75","503.53","115.0","Finished",,"0.0","0.0","365.55","0.0","FAVA2,PIOM2","dati da Betta, no schede","180.0"
"00107SC0004","Job Item 00107SC0004","Job Item 00107SC0004",,"0.01","184.82","149.0","Finished",,"0.0","0.0","0.0","0.0","OGNI1,OGNI2",,"180.0"
"00103SC0028","Job Item 00103SC0028","Job Item 00103SC0028",,"0.01","1010.47","119.0","Finished",,"0.0","0.0","0.0","0.0","ZULI",,"180.0"
"00107SC0005","Job Item 00107SC0005","Job Item 00107SC0005",,"0.01","481.45","155.0","Finished",,"0.0","0.0","0.0","0.0","OGNI3,TROV2,TROV3",,"180.0"
"00360SC0001","Job Item 00360SC0001","Job Item 00360SC0001","2002-09-25","1980.742",,,"Finished","2006-05-22",,"39848.79","806.819","133393.3","CAND01","Il costo totale dell'intervento, al netto del ribasso d'asta e con gli oneri per la sicurezza ammonta ad euro 3.084.034,60.= lo scavo del canale e la costruzione dei casseri e mantelletti ammonta ad euro 565.177,91.","180.0"
"00103SC0027","Job Item 00103SC0027","Job Item 00103SC0027",,"213.01","609.23","115.0","Finished","2001-06-30","0.0","0.0","389.26","0.0","FAVA2",,"180.0"
"00107SC0006","Job Item 00107SC0006","Job Item 00107SC0006",,"0.01","-2.71","202.0","Finished",,"0.0","0.0","0.0","0.0","TROV1,TROV2",,"200.0"
"00103SC0026","Job Item 00103SC0026","Job Item 00103SC0026",,"297.24","552.5","55.0","Finished","1997-12-31","0.0","6685.67","123.2","19879.78","GRIS1,GRIS2,LIO,MIRA",,"180.0"
"00107SC0007","Job Item 00107SC0007","Job Item 00107SC0007","2003-03-10","0.01","673.17","147.0","Finished","2004-02-09","0.0","24668.0","759.0","0.0","TROV1,TROV2",,"200.0"
"00107SC0009","Job Item 00107SC0009","Job Item 00107SC0009",,"0.01","526.85","148.0","Finished",,"0.0","0.0","0.0","0.0","AVOG",,"180.0"
"00112SC0012","Job Item 00112SC0012","Job Item 00112SC0012",,"0.01","246.41","125.0","Finished",,"0.0","0.0","0.0","0.0","ACQU2,ACQU3,ANDR2",,"180.0"
"00112SC0011","Job Item 00112SC0011","Job Item 00112SC0011",,"0.01","221.85","117.0","Finished",,"0.0","0.0","0.0","0.0","ANDR1,PRIU1,RACH2",,"180.0"
"00099SC0134","Job Item 00099SC0134","Job Item 00099SC0134",,"0.01","9.87","150.0","Finished","1998-05-31","0.0","2792.95","28.0","0.0","BARC1,LUCA3,VERO1","la scheda è stata scorporata da una unica comprensiva di luca 1 luca 2 luca3","180.0"
"00112SC0016","Job Item 00112SC0016","Job Item 00112SC0016",,"0.01","19.95","121.0","Finished",,"0.0","0.0","0.0","0.0","ANDR1,ANDR2,GUER",,"180.0"
"00112SC0015","Job Item 00112SC0015","Job Item 00112SC0015",,"0.01","36.26","130.0","Finished",,"0.0","0.0","0.0","0.0","FELI1,FELI2,PRIU1",,"180.0"
"00112SC0019","Job Item 00112SC0019","Job Item 00112SC0019",,"0.01","20.08","130.0","Finished",,"0.0","0.0","0.0","0.0","ANDR1,RACH1,RACH2",,"180.0"
"00154SC0005","Job Item 00154SC0005","Job Item 00154SC0005","2004-09-15","60.0","4855.05",,"Finished","2007-02-13","313714.2","43866.12","1292.08","3879.6","MORT,PALA,PPIC1,PPIC2,PPIC3","L'incidenza dei casseri trasversali è pari a 136020,07 ?.","180.0"
"00001SC0080","Job Item 00001SC0080","Job Item 00001SC0080",,"0.0","1446.28","125.0","Finished","1993-01-01","0.0","0.0","1508.0","0.0",,,"180.0"
"00112SC0018","Job Item 00112SC0018","Job Item 00112SC0018",,"0.01","39.22","101.0","Finished",,"0.0","0.0","0.0","0.0","GUER,PRIU2,PRIU3",,"180.0"
"00112SC0017","Job Item 00112SC0017","Job Item 00112SC0017",,"0.01","20.58","110.0","Finished",,"0.0","0.0","0.0","0.0","PRIU1,PRIU2,RACH2",,"180.0"
"00001SC0086","Job Item 00001SC0086","Job Item 00001SC0086",,"0.0","190.78","148.0","Finished","1991-01-01","0.0","0.0","231.0","0.0",,,"180.0"
"00001SC0085","Job Item 00001SC0085","Job Item 00001SC0085",,"0.0","558.48","151.0","Finished","1991-01-01","0.0","0.0","747.0","0.0",,,"180.0"
"00154SC0002","Job Item 00154SC0002","Job Item 00154SC0002","2004-07-02","0.0","514.56","103.0","Finished","2007-02-13","20091.0","61449.5","1810.0",,"CONV,EUFE1,EUFE2","L'incidenza dei casseri trasversali è pari a 112831,61 ?.","180.0"
"00366SC0001","Job Item 00366SC0001","Job Item 00366SC0001","2003-03-17","105.27","779.09","105.0","Finished","2005-04-27","0.0","30309.09","851.14","7157.9","NICO1,TERE2",,"180.0"
"00447SC0005","Job Item 00447SC0005","Job Item 00447SC0005",,"0.01","178052.437221429","90.0","InProgress",,,,"0.0",,"GORN",,"180.0"
"00355SC0001","Job Item 00355SC0001","Job Item 00355SC0001","2002-05-01","70.01","-3841.27","323.0","Finished","2004-10-26","0.0","24250.59","589.65","4628.36","ARSE",,"220.0"
"00447SC0006","Job Item 00447SC0006","Job Item 00447SC0006",,"0.01",,,"InProgress",,,,"0.0",,"GORN,MRTI1,MRTI2",,"180.0"
"00447SC0007","Job Item 00447SC0007","Job Item 00447SC0007",,"0.01",,,"InProgress",,,,"0.0",,"GORN,SCUD1,VIGN",,"180.0"
"00447SC0001","Job Item 00447SC0001","Job Item 00447SC0001",,"0.01","77684.9491085395","148.0","InProgress",,,,"0.0",,"VIGN",,"180.0"
"00001SC0087","Job Item 00001SC0087","Job Item 00001SC0087",,"0.0","505.33","136.0","Finished","1991-01-01","0.0","0.0","452.0","0.0",,,"180.0"
"00001SC0088","Job Item 00001SC0088","Job Item 00001SC0088",,"0.0","576.24","145.0","Finished","1991-01-01","0.0","0.0","624.0","0.0",,,"180.0"
"00447SC0003","Job Item 00447SC0003","Job Item 00447SC0003",,"0.01","19367.3315018748","119.0","InProgress",,,,"0.0",,"GORN,MRTI2",,"180.0"
"00099SC0131","Job Item 00099SC0131","Job Item 00099SC0131",,"0.01","74.68","70.0","Finished","1995-12-31","0.0","4885.14","49.0","0.0","VEST1,VEST2,ZOBE","la scheda era una unica per vest1 vest2 e l'intersezione","180.0"
"00099SC0130","Job Item 00099SC0130","Job Item 00099SC0130",,"0.01","19.22","86.0","Finished","1996-03-10","0.0","8622.38","86.0","0.0","VERO1,VERO2,VEST1",,"180.0"
"00326SC0003","Job Item 00326SC0003","Job Item 00326SC0003",,"0.0","378.38","113.0","Finished","2001-06-30","0.0","0.0","426.0","0.0","TANA1","Manca scheda, solo dati per il bilancio","180.0"
"00326SC0001","Job Item 00326SC0001","Job Item 00326SC0001",,"0.0","279.79","127.0","Finished","2001-07-01","0.0","7557.63","226.92","0.0",,"Post datato x il bilancio (old 30/06/2001)","180.0"
"00326SC0002","Job Item 00326SC0002","Job Item 00326SC0002",,"471.15","378.38","113.0","Finished","2001-12-06","0.0","33.31","0.0","61.26","TANA1","Valore comunicato 31/12/2001: 474 mc fango scavato asciutto","180.0"
"00369SC0001","Job Item 00369SC0001","Job Item 00369SC0001","2002-06-01","0.0","549.04",,"Finished","2004-02-03","1098.0","6130.0","99.0","0.0","CAND01","Batimetrie e sezioni di scavo sono presente nell'allegato n° 2 dei disegni di Lay-out finali","180.0"
"00001SC0097","Job Item 00001SC0097","Job Item 00001SC0097",,"391.0","1008.3","108.0","Finished","1989-01-01","0.0","0.0","866.0","0.0",,,"180.0"
"00001SC0096","Job Item 00001SC0096","Job Item 00001SC0096",,"129.0","87.43","161.0","Finished","1989-01-01","0.0","0.0","286.0","0.0",,,"180.0"
"00001SC0091","Job Item 00001SC0091","Job Item 00001SC0091",,"0.0","303.47","107.0","Finished","1991-01-01","0.0","0.0","164.0","0.0",,,"180.0"
"00001SC0090","Job Item 00001SC0090","Job Item 00001SC0090",,"0.0","702.32","124.0","Finished","1991-01-01","0.0","0.0","475.0","0.0",,,"180.0"
"00001SC0092","Job Item 00001SC0092","Job Item 00001SC0092",,"0.0","584.65","123.0","Finished","1991-01-01","0.0","0.0","404.0","0.0",,,"180.0"
"00001SC0098","Job Item 00001SC0098","Job Item 00001SC0098",,"45.0","108.41","111.0","Finished","1989-01-01","0.0","0.0","99.0","0.0",,,"180.0"
"00001SC0099","Job Item 00001SC0099","Job Item 00001SC0099",,"312.0","233.94","159.0","Finished","1989-01-01","0.0","0.0","692.0","0.0",,,"180.0"
"00412SC0001","Job Item 00412SC0001","Job Item 00412SC0001",,"0.01","638.26","60.0","Finished",,"0.0","0.0","0.0","0.0","QUIN",,"220.0"
"00114SC0003","Job Item 00114SC0003","Job Item 00114SC0003","2002-08-30","620.38","433.75","153.0","Finished","2004-02-10","0.0","9191.25","192.81","55821.79","BOLD3,DOMI",,"180.0"
"00114SC0002","Job Item 00114SC0002","Job Item 00114SC0002","2003-03-27","322.86","448.64","62.0","Finished","2004-02-10","0.0","2178.52","45.7","29050.94","2TOR1,BOLD3,DOMI,PERG",,"180.0"
"00114SC0001","Job Item 00114SC0001","Job Item 00114SC0001","2003-03-27","135.1","138.4","89.0","Finished","2004-02-10","0.0","911.45","19.12","12156.3","BOLD2,MOCE,PERG",,"180.0"
"00114SC0007","Job Item 00114SC0007","Job Item 00114SC0007","2003-06-23","113.57","897.73","66.0","Finished","2004-02-10","0.0","23004.59","482.58","10219.03","BOLD2,BOLD3,PERG",,"180.0"
"00114SC0006","Job Item 00114SC0006","Job Item 00114SC0006","2003-03-27","72.02","65.31","103.0","Finished","2004-02-10","0.0","486.23","10.2","6480.36","BOLD1,MOCE",,"180.0"
"00114SC0005","Job Item 00114SC0005","Job Item 00114SC0005","2003-03-06","66.46","520.73","67.0","Finished","2004-02-10","0.0","13461.53","282.39","5980.07","PERG",,"180.0"
"00114SC0004","Job Item 00114SC0004","Job Item 00114SC0004","2002-09-10","740.0","1155.57","74.0","Finished","2004-02-10","0.0","16207.8","340.0","66585.2","BOLD1,BOLD2,MOCE",,"180.0"
"00114SC0009","Job Item 00114SC0009","Job Item 00114SC0009","2003-03-27","33.65","282.71","71.0","Finished","2007-11-08","0.0","522.94","10.97","3027.83","2TOR1","dati sui mc di fanghi complessivi della commessa (18/03/2005)","180.0"
"00114SC0008","Job Item 00114SC0008","Job Item 00114SC0008","2003-03-27","27.77","44.95","138.0","Finished","2007-11-08","0.0","431.41","9.05","2498.74","2TOR1,BOLD3",,"180.0"
"00099SC0008","Job Item 00099SC0008","Job Item 00099SC0008",,"578.0","568.86","127.0","Finished","1995-12-31","0.0","0.0","0.0","57615.93","ALBO,VEST3",,"180.0"
"00099SC0009","Job Item 00099SC0009","Job Item 00099SC0009",,"172.0","862.08","131.0","Finished","1997-04-14","0.0","25081.21","639.0","17144.3","MOIS,VEST3",,"180.0"
"00001SC0029","Job Item 00001SC0029","Job Item 00001SC0029",,"0.0","219.27","126.0","Finished","1993-01-01","0.0","0.0","236.0","0.0",,,"180.0"
"00001SC0022","Job Item 00001SC0022","Job Item 00001SC0022",,"0.0","233.06","121.0","Finished","1993-01-01","0.0","0.0","583.0","0.0",,,"180.0"
"00099SC0001","Job Item 00099SC0001","Job Item 00099SC0001",,"166.0","435.54","130.0","Finished","1997-04-14","0.0","16546.25","348.0","19073.26","BARC2,VEST3","nella scheda il costo non è stato diviso secondo le due modalità","180.0"
"00099SC0002","Job Item 00099SC0002","Job Item 00099SC0002",,"800.0","819.8","86.0","Finished","1996-03-10","0.0","0.0","0.0","80208.21","BARC1,LUCA3,VERO1,VERO2",,"180.0"
"00099SC0003","Job Item 00099SC0003","Job Item 00099SC0003",,"183.0","64.35","150.0","Finished","1995-05-31","0.0","0.0","0.0","18253.92","LUCA2,LUCA3,VERO1","la scheda era una unica per luca 1 luca 2 luca 3 e intersezione le ho scorporate","180.0"
"00001SC0023","Job Item 00001SC0023","Job Item 00001SC0023",,"0.0","490.71","136.0","Finished","1993-01-01","0.0","0.0","646.0","0.0",,,"180.0"
"00099SC0004","Job Item 00099SC0004","Job Item 00099SC0004",,"0.01","359.04","64.0","Finished","1997-11-27","0.0","0.0","242.5","24118.54","MAUR,VERO1,VERO2,VEST1",,"180.0"
"00099SC0005","Job Item 00099SC0005","Job Item 00099SC0005",,"242.0","197.21","115.0","Finished","1995-12-31","0.0","0.0","0.0","24126.54","VERO2,VEST1,ZOBE","la scheda originaria dava una quantità complessiva per vest1 vest2 e la intersezione","180.0"
"00001SC0025","Job Item 00001SC0025","Job Item 00001SC0025",,"0.0","28.36","143.0","Finished","1993-01-01","0.0","0.0","40.0","0.0",,,"180.0"
"00099SC0006","Job Item 00099SC0006","Job Item 00099SC0006",,"1081.32","1144.13","70.0","Finished","1995-12-31","0.0","0.0","0.0","18073.41","VEST1,VEST2,ZOBE",,"180.0"
"00001SC0028","Job Item 00001SC0028","Job Item 00001SC0028",,"0.0","1112.74","115.0","Finished","1993-01-01","0.0","0.0","1017.0","0.0",,,"180.0"
"00099SC0007","Job Item 00099SC0007","Job Item 00099SC0007",,"332.0","250.83","113.0","Finished","1995-12-31","0.0","0.0","0.0","33099.29","VEST2,VEST3,ZOBE","la scheda originaria dava una quantità complessiva per vest1 vest2 e la intersezione","180.0"
"00001SC0027","Job Item 00001SC0027","Job Item 00001SC0027",,"0.0","477.36","119.0","Finished","1993-01-01","0.0","0.0","450.0","0.0",,,"180.0"
"00375SC0003","Job Item 00375SC0003","Job Item 00375SC0003",,"83.38","25.11","108.0","Finished","2001-09-17","0.0","0.0","0.0","5576.62",,,"180.0"
"00346SC0002","Job Item 00346SC0002","Job Item 00346SC0002",,"0.0","2205.54",,"Finished","2000-09-14","17999.3","64374.7","1621.0","0.0","2FIS,SACF2","Vecchio valore sostituito post bilancio 2001 1,520","180.0"
"00099SC0010","Job Item 00099SC0010","Job Item 00099SC0010",,"366.7","485.13","98.0","Finished","1996-10-16","0.0","0.0","0.0","36551.26","ALBO,BARC2,MOIS,VEST2,VEST3",,"180.0"
"00004SC0057","Job Item 00004SC0057","Job Item 00004SC0057",,"809.0","739.16","131.0","Finished","1996-01-01","0.0","0.0","0.0","0.0","CELE",,"180.0"
"00346SC0006","Job Item 00346SC0006","Job Item 00346SC0006",,"0.0","321.79","108.0","Finished","2001-01-24","0.0","0.0","2670.79","0.0","CATE1","Manca Scheda","180.0"
"00114SC0011","Job Item 00114SC0011","Job Item 00114SC0011","2003-03-27","9.31","64.6",,"Finished","2007-11-08","0.0","144.92","3.04","837.71","2TOR1,BOLD3,DOMI",,"180.0"
"00346SC0005","Job Item 00346SC0005","Job Item 00346SC0005",,"0.0","576.47","113.0","Finished","2000-09-14","6531.27","23359.16","588.2","0.0","SACF1","Vecchio valore sostituito post bilancio 2001 658.5","180.0"
"00114SC0012","Job Item 00114SC0012","Job Item 00114SC0012","2003-03-27","5.49","38.07",,"Finished","2007-11-08","0.0","85.81","1.8","493.99","2TOR1",,"180.0"
"00346SC0004","Job Item 00346SC0004","Job Item 00346SC0004",,"0.0","1443.1","93.0","Finished","2000-09-14","16612.54","5941494.65","1496.11","0.0","2FIS,SACF2","Vecchio valore sostituito post bilancio 2001 1,269.7","180.0"
"00346SC0003","Job Item 00346SC0003","Job Item 00346SC0003",,"0.0","3370.44","54.0","Finished","2000-09-14","27315.41","97693.87","2460.0","0.0","SACF3","Vecchio valore sostituito post bilancio 2001 2,645","180.0"
"00130SC0002","Job Item 00130SC0002","Job Item 00130SC0002",,"0.01","110.31","163.0","Finished",,"0.0","0.0","0.0","0.0","SALU1,SALU2",,"180.0"
"00346SC0009","Job Item 00346SC0009","Job Item 00346SC0009",,"0.0","261.04","113.0","Finished","2000-09-22","3008.14","10758.78","270.91","0.0","MORT","Vecchio valore sostituito post bilancio 2001 250","180.0"
"00130SC0003","Job Item 00130SC0003","Job Item 00130SC0003",,"0.01","317.96","131.0","Finished",,"0.0","0.0","0.0","0.0","SALU1,SALU2",,"180.0"
"00346SC0008","Job Item 00346SC0008","Job Item 00346SC0008",,"0.0","1043.82","117.0","Finished","2001-01-24","0.0","0.0","9900.44","0.0","CATE3","Manca Scheda","180.0"
"00130SC0004","Job Item 00130SC0004","Job Item 00130SC0004",,"41.1","229.95","133.0","Finished","2006-03-22","0.0","7869.35","164.39","3546.52","FORN1,FORN2",,"180.0"
"00114SC0010","Job Item 00114SC0010","Job Item 00114SC0010","2003-03-27","37.84","32.09","169.0","Finished","2007-11-08","0.0","588.25","12.34","3404.84",,,"180.0"
"00130SC0001","Job Item 00130SC0001","Job Item 00130SC0001",,"130.15","763.85","128.0","Finished","2006-03-22","0.0","21303.36","520.61","10143.89","FORN1,FORN2",,"180.0"
"00213SC0001","Job Item 00213SC0001","Job Item 00213SC0001",,"0.01","0.0",,"Finished",,"0.0","0.0","0.0","0.0",,,
"00322SC0004","Job Item 00322SC0004","Job Item 00322SC0004",,"0.0","24.19","157.0","Finished","1999-11-11","0.0","4659.48","110.0","0.0","MRTI1","Scavi parziali in corrispondenza del ponte per realizzare le nuove pile di appoggio","180.0"
"00407SC0001","Job Item 00407SC0001","Job Item 00407SC0001",,"0.01","0.0",,"Finished",,"0.0","0.0","0.0","0.0",,"avanzamento da indicazioni ing. Turlon (18/07/05)",
"00324SC0002","Job Item 00324SC0002","Job Item 00324SC0002","2001-01-30","294.0","103.63","160.0","Finished","2002-08-07","0.0","0.0","0.0","19738.98",,,"180.0"
"00324SC0001","Job Item 00324SC0001","Job Item 00324SC0001","2001-01-30","308.0","153.02","160.0","Finished","2002-08-07","0.0","0.0","0.0","20678.94",,,"180.0"
"00346SC0011","Job Item 00346SC0011","Job Item 00346SC0011",,"0.0","26.14","111.0","Finished","2001-01-24","0.0","0.0","226.33","0.0","CATE1,CATE2","Manca Scheda","180.0"
"00346SC0010","Job Item 00346SC0010","Job Item 00346SC0010",,"0.0","45.32","126.0","Finished","2001-01-24","0.0","0.0","501.47","0.0","CATE2,CATE3","Manca Scheda","180.0"
"00346SC0013","Job Item 00346SC0013","Job Item 00346SC0013",,"0.0","410.59","93.0","Finished","2000-09-14","0.0","0.0","432.83","0.0","SACF1,SACF2","Vecchio valore sostituito post bilancio 2001 360.7","180.0"
"00346SC0012","Job Item 00346SC0012","Job Item 00346SC0012",,"0.0","347.49",,"Finished","2000-09-14","0.0","0.0","304.48","0.0","2FIS,SACF2,SACF3","Vecchio valore sostituito post bilancio 2001 0","180.0"
"00346SC0015","Job Item 00346SC0015","Job Item 00346SC0015",,"0.0","680.27","111.0","Finished","2001-01-24","0.0","0.0","5891.27","0.0","CATE2","Manca Scheda","180.0"
"00346SC0014","Job Item 00346SC0014","Job Item 00346SC0014",,"0.0","1227.23","154.0","Finished","2000-10-16","0.0","100094.51","2520.45","0.0","CTEO01","Assegnato alla 316 nel Bilancio 2001 - 2500","180.0"
"00346SC0017","Job Item 00346SC0017","Job Item 00346SC0017",,"0.0","1564.32","103.0","Finished","2001-05-02","10153.78","3631.51","914.44","0.0","CREA1,CREA2",,"180.0"
"00346SC0016","Job Item 00346SC0016","Job Item 00346SC0016",,"0.0","1541.13","77.0","Finished","2001-05-02","0.0","138259.95","2170.37","0.0","CREA1,CREA2","1221.74 mc di tipo D","180.0"
"00103SC0015","Job Item 00103SC0015","Job Item 00103SC0015",,"234.0","1167.14","68.0","Finished","1998-06-30","0.0","26702.02","492.0","15627.21","FORM,MOND2,SEVE1,SEVE2",,"180.0"
"00103SC0016","Job Item 00103SC0016","Job Item 00103SC0016",,"1104.38","1365.42","27.0","Finished","1998-09-30","0.0","10568.6","195.0","73862.22","MOND3,ZANI","i 195 mc non sono stati scavati completamente in presenza d'acqua","180.0"
"00103SC0017","Job Item 00103SC0017","Job Item 00103SC0017",,"109.04","311.77","120.0","Finished","1998-06-30","0.0","0.0","0.0","7292.7","MOND2,MOND3,ZANI","Compilato dal tabellone di Frezza - Regini mi aveva detto che l'avevano scavato solo in umido","180.0"
"00103SC0019","Job Item 00103SC0019","Job Item 00103SC0019",,"243.0","1621.14","83.0","Finished","1998-09-30","0.0","51199.23","944.0","16251.98","FORM,SEVE2","variazione 1998 asciutto 36 umido 213","180.0"
"00001SC0048","Job Item 00001SC0048","Job Item 00001SC0048",,"673.0","862.02","143.0","Finished","1989-01-01","0.0","0.0","1493.0","0.0",,,"180.0"
"00103SC0010","Job Item 00103SC0010","Job Item 00103SC0010",,"149.0","279.3","118.0","Finished","1998-03-31","0.0","1288.71","24.0","756.44","MARI3,PIOM1","il 30-6-2000 aggiunti 137 mq da nuovo computo Frezza","180.0"
"00001SC0049","Job Item 00001SC0049","Job Item 00001SC0049",,"142.0","72.91","164.0","Finished","1989-01-01","0.0","0.0","315.0","0.0",,,"180.0"
"00103SC0011","Job Item 00103SC0011","Job Item 00103SC0011",,"194.0","194.76","132.0","Finished","2000-02-02","0.0","6444.92","119.0","3782.21","MARI4,PEST2","Compilata dal tabellone di Frezza; il 30-6-2000 aggiunti 137 mq da nuovo computo Frezza","180.0"
"00103SC0012","Job Item 00103SC0012","Job Item 00103SC0012",,"700.0","873.75","83.0","Finished","2000-12-31","0.0","0.0","0.0","0.0","MARI4,MOND1,MOND2,PEST1,PEST2","chiamato anche rio del paradiso","180.0"
"00001SC0045","Job Item 00001SC0045","Job Item 00001SC0045",,"0.0","357.21","66.0","Finished","1993-01-01","0.0","0.0","179.0","0.0",,,"180.0"
"00313SC0005","Job Item 00313SC0005","Job Item 00313SC0005","2005-10-13","0.01","0.0",,"Finished","2006-03-24","0.0","0.0","0.0","0.0","GRAN33",,"180.0"
"00001SC0050","Job Item 00001SC0050","Job Item 00001SC0050",,"126.0","58.36","167.0","Finished","1989-01-01","0.0","0.0","279.0","0.0",,,"180.0"
"00313SC0006","Job Item 00313SC0006","Job Item 00313SC0006","2005-10-13","9.3","0.0",,"Finished","2006-03-24","0.0","0.0","7.66","0.0",,"casseri già rimossi per termine lavori alle sponde","180.0"
"00001SC0051","Job Item 00001SC0051","Job Item 00001SC0051",,"223.0","485.09","118.0","Finished","1989-01-01","0.0","0.0","495.0","0.0",,,"180.0"
"00325SC0001","Job Item 00325SC0001","Job Item 00325SC0001","2001-07-12","0.0","2359.62","110.0","Finished","2004-02-25","0.0","83917.52","2016.76","0.0","TERE1,TERE2",,"180.0"
"00313SC0003","Job Item 00313SC0003","Job Item 00313SC0003","2005-10-13","0.01","0.0",,"Finished","2006-